name,datetime,tempmax,tempmin,temp,feelslikemax,feelslikemin,feelslike,dew,humidity,precip,precipprob,rainfall,preciptype,snow,snowdepth,windgust,windspeed,winddir,sealevelpressure,cloudcover,visibility,solarradiation,solarenergy,uvindex,severerisk,sunrise,sunset,moonphase,conditions,description,icon,stations,FLOOD
Bhubaneswar,01-01-2022,16,1,7.2,16,1,7.2,1.8,70.6,0,0,0,,0,0,16.9,4,201.1,1021,19.6,5.6,167.6,14.6,6,,01-01-2022 07:04,01-01-2022 17:21,0.95,Clear,Clear conditions throughout the day.,clear-day,"44404099999,remote,42147099999",0
Bhubaneswar,02-01-2022,16.5,2.3,8.2,16.5,2.3,8.2,1.6,66.9,0,0,0,,0,0,16.9,5.1,197.1,1019.5,46.1,5.5,161.5,13.8,6,,02-01-2022 07:05,02-01-2022 17:22,0.98,Partially cloudy,Partly cloudy throughout the day.,partly-cloudy-day,"44404099999,remote,42147099999",0
Bhubaneswar,03-01-2022,16.5,3.2,8.6,16.5,3.2,8.6,2.3,67.6,0,0,0,,0,0,20.2,3.6,212.7,1018.4,15,5.3,125.6,10.8,5,,03-01-2022 07:05,03-01-2022 17:22,0,Clear,Clear conditions throughout the day.,clear-day,"44404099999,remote,42147099999",0
Bhubaneswar,04-01-2022,14.9,4.2,8.8,14.9,4.2,8.8,3.5,71.8,2.7,100,29.17,rain,0,0,16.9,5.4,267.1,1018.3,64,5.6,125,10.8,5,,04-01-2022 07:05,04-01-2022 17:23,0.05,"Rain, Partially cloudy",Partly cloudy throughout the day with rain.,rain,"44404099999,remote,42147099999",0
Bhubaneswar,05-01-2022,11.2,4.4,8.4,11.2,4.4,8.4,6.7,89.6,15.8,100,45.83,rain,0,0,19.8,4.3,129.2,1018.3,99.8,3.1,51.6,4.4,2,,05-01-2022 07:05,05-01-2022 17:24,0.08,"Rain, Overcast",Cloudy skies throughout the day with rain.,rain,"44404099999,remote,42147099999",0
Bhubaneswar,06-01-2022,15.9,4.9,8.8,15.9,4.9,8.8,6.9,88.6,8.8,100,33.33,rain,0,0,24.8,5,140.2,1018.2,45.6,3.2,147.7,12.6,6,,06-01-2022 07:05,06-01-2022 17:25,0.11,"Rain, Partially cloudy",Partly cloudy throughout the day with a chance of rain throughout the day.,rain,"44404099999,remote,42147099999",0
Bhubaneswar,07-01-2022,15.2,5.5,8.8,15.2,5.5,8.7,5.7,81.8,2.6,100,16.67,rain,0,0,31.3,6.8,147.1,1018.8,48.4,4.9,137.9,12,5,,07-01-2022 07:05,07-01-2022 17:25,0.15,"Rain, Partially cloudy",Partly cloudy throughout the day with afternoon rain.,rain,"44404099999,remote,42147099999",0
Bhubaneswar,08-01-2022,11.8,4.3,7.5,11.8,2.6,7.3,5,84.9,3.8,100,37.5,rain,0,0,29.9,7.2,94.5,1019.3,88.1,3.5,70.1,6,2,,08-01-2022 07:05,08-01-2022 17:26,0.18,"Rain, Partially cloudy",Partly cloudy throughout the day with rain.,rain,"44404099999,remote,42147099999",0
Bhubaneswar,09-01-2022,11.6,1.9,6.4,11.6,0.4,6,4.9,90.8,5.8,100,58.33,"rain,snow",0,0,37.8,10,106.2,1016.8,71.6,3.8,111.9,9.7,5,,09-01-2022 07:06,09-01-2022 17:27,0.25,"Snow, Rain, Partially cloudy",Partly cloudy throughout the day with a chance of rain or snow throughout the day.,rain,"44404099999,remote,42147099999",0
Bhubaneswar,10-01-2022,11.9,2.6,6.7,11.9,1.1,6.6,4.5,86.7,13,100,83.33,rain,0,0,41.8,6.4,88.1,1018.1,63.1,13.2,88.1,7.7,4,10,10-01-2022 07:06,10-01-2022 17:28,0.25,"Rain, Partially cloudy",Partly cloudy throughout the day with a chance of rain throughout the day.,rain,"44404099999,remote,42147099999",0
Bhubaneswar,11-01-2022,15.5,2.8,7.1,15.5,2.8,7,2.3,74.2,0.8,100,16.67,rain,0,0,9,5.4,47.3,1018.3,13.2,19.6,163.3,14.2,7,10,11-01-2022 07:06,11-01-2022 17:29,0.28,Rain,Clear conditions throughout the day with rain.,rain,"44404099999,remote,42147099999",0
Bhubaneswar,12-01-2022,13.7,2.4,6.3,13.7,1.6,6.2,2.8,79.9,1.8,100,16.67,rain,0,0,7.9,5.7,113.4,1017.5,24.5,19.1,163.4,14.3,7,10,12-01-2022 07:06,12-01-2022 17:29,0.31,"Rain, Partially cloudy",Partly cloudy throughout the day with rain.,rain,"44404099999,remote,42147099999",0
Bhubaneswar,13-01-2022,14.8,3.2,6.8,14.8,1.8,6.6,1.2,70.4,0,0,0,,0,0,5,6.8,87.1,1017.8,42.3,19.9,168.7,14.6,7,10,13-01-2022 07:05,13-01-2022 17:30,0.34,Partially cloudy,Clearing in the afternoon.,partly-cloudy-day,"44404099999,remote,42147099999",0
Bhubaneswar,14-01-2022,15.3,1.6,6.8,15.3,1.6,6.7,-2.4,55.3,0,0,0,,0,0,5.4,7.4,81.2,1018.2,35.6,20.1,173.7,15,7,10,14-01-2022 07:05,14-01-2022 17:31,0.38,Partially cloudy,Becoming cloudy in the afternoon.,partly-cloudy-day,"44404099999,remote,42147099999",0
Bhubaneswar,15-01-2022,15.4,1.3,6.9,15.4,1.3,6.8,-3.7,49.6,0,0,0,,0,0,4.7,5,352.5,1019.5,10.3,20.3,177.1,15.4,7,10,15-01-2022 07:05,15-01-2022 17:32,0.41,Clear,Clear conditions throughout the day.,clear-day,"44404099999,remote,42147099999",0
Bhubaneswar,16-01-2022,16.8,2.7,8.1,16.8,2.1,8,-3.9,44.9,0,0,0,,0,0,5,5.4,165.3,1019.5,42.6,20.3,172.8,15.1,7,10,16-01-2022 07:05,16-01-2022 17:33,0.44,Partially cloudy,Clearing in the afternoon.,partly-cloudy-day,"44404099999,remote,42147099999",0
Bhubaneswar,17-01-2022,16.7,3.5,8.8,16.7,3.5,8.8,-0.6,54.2,0,0,0,,0,0,5.4,5,143.2,1019.3,77.6,20.2,147.1,12.6,6,10,17-01-2022 07:05,17-01-2022 17:34,0.48,Partially cloudy,Partly cloudy throughout the day.,partly-cloudy-day,"44404099999,remote,42147099999",0
Bhubaneswar,18-01-2022,17.7,3.6,8.9,17.7,2.3,8.8,1,60.9,0.7,100,12.5,rain,0,0,7.2,7.6,144.7,1016.9,14.8,20.2,167.7,14.4,7,10,18-01-2022 07:05,18-01-2022 17:35,0.5,Rain,Clear conditions throughout the day with rain.,rain,"44404099999,remote,42147099999",0
Bhubaneswar,19-01-2022,16.2,3.2,8.4,16.2,3.2,8.4,1.3,63.5,0.6,100,8.33,rain,0,0,5.4,5.8,147.6,1015.3,36.7,20.2,161.7,14,7,10,19-01-2022 07:05,19-01-2022 17:35,0.54,"Rain, Partially cloudy",Becoming cloudy in the afternoon with rain.,rain,"44404099999,remote,42147099999",0
Bhubaneswar,20-01-2022,13,3,7,13,1.4,6.8,3.7,81.5,2.6,100,41.67,rain,0,0,8.3,6.5,14.1,1012.6,86.1,19.2,104,8.9,5,10,20-01-2022 07:04,20-01-2022 17:36,0.58,"Rain, Partially cloudy",Partly cloudy throughout the day with a chance of rain throughout the day.,rain,"44404099999,remote,42147099999",0
Bhubaneswar,21-01-2022,14.7,2.6,6.5,14.7,1.7,6.4,2,76.3,0.9,100,25,rain,0,0,6.1,5.8,313.5,1013.7,40,19.4,162.6,14.2,7,10,21-01-2022 07:04,21-01-2022 17:37,0.62,"Rain, Partially cloudy",Partly cloudy throughout the day with a chance of rain throughout the day.,rain,"44404099999,remote,42147099999",0
Bhubaneswar,22-01-2022,13.1,1.8,5.8,13.1,-1.2,5.5,1.5,76.4,1.7,100,25,rain,0,0,16.9,9.8,77.9,1012,75.9,19.4,99.3,8.6,4,10,22-01-2022 07:04,22-01-2022 17:38,0.65,"Rain, Partially cloudy",Partly cloudy throughout the day with rain.,rain,"44404099999,remote,42147099999",0
Bhubaneswar,23-01-2022,12.9,1.4,6.6,12.9,-0.2,6.3,4.5,87.5,6.5,100,58.33,rain,0,0,9.4,8.6,99.9,1012.6,95.5,16.3,130.4,11.3,7,10,23-01-2022 07:03,23-01-2022 17:39,0.69,"Rain, Overcast",Cloudy skies throughout the day with a chance of rain throughout the day.,rain,"44404099999,remote,42147099999",0
Bhubaneswar,24-01-2022,9,1.2,5.3,8.6,0.5,5.1,3.7,90.1,7.7,100,50,rain,0,0,6.8,5.1,89.5,1014.6,83.9,17.3,64,5.6,3,10,24-01-2022 07:03,24-01-2022 17:40,0.72,"Rain, Partially cloudy",Partly cloudy throughout the day with a chance of rain throughout the day.,rain,"44404099999,remote,42147099999",0
Bhubaneswar,25-01-2022,13.3,0.7,5.3,13.3,0.7,5.2,0.9,75.9,0.7,100,25,rain,0,0,9.4,7.6,118.3,1014.9,43,18.9,176,15,7,10,25-01-2022 07:03,25-01-2022 17:41,0.75,"Rain, Partially cloudy",Partly cloudy throughout the day with rain.,rain,"44404099999,remote,42147099999",0
Bhubaneswar,26-01-2022,11.4,0.1,5.1,11.4,0.1,5,1.6,79.6,4,100,41.67,"rain,snow",0,0,9,8.6,212,1014.7,57.7,18.4,155.8,13.5,7,10,26-01-2022 07:02,26-01-2022 17:41,0.79,"Snow, Rain, Partially cloudy",Partly cloudy throughout the day with a chance of rain or snow throughout the day.,rain,"44404099999,remote,42147099999",0
Bhubaneswar,27-01-2022,12.5,0.3,4.9,12.5,-2.7,4.8,0.6,76.3,1,100,20.83,"rain,snow",0,0,6.1,10.8,291.6,1016.2,28.3,20,176.6,15.4,7,10,27-01-2022 07:02,27-01-2022 17:42,0.83,"Snow, Rain, Partially cloudy",Partly cloudy throughout the day with a chance of rain or snow throughout the day.,rain,"44404099999,remote,42147099999",0
Bhubaneswar,28-01-2022,14.6,0.3,5.8,14.6,0.3,5.8,-1.8,61.2,0.7,100,8.33,"rain,snow",0,0,5,5,24.3,1016.2,2.3,20.3,187.2,16.1,7,10,28-01-2022 07:01,28-01-2022 17:43,0.86,"Snow, Rain",Clear conditions throughout the day with rain or snow clearing later.,rain,"44404099999,remote,42147099999",0
Bhubaneswar,29-01-2022,17,1.5,7.6,17,1.5,7.6,-1.6,55.2,0,0,0,,0,0,5.4,3.6,294.5,1016.1,0,20.6,181.2,15.6,7,10,29-01-2022 07:01,29-01-2022 17:44,0.9,Clear,Clear conditions throughout the day.,clear-day,"remote,42147099999",0
Bhubaneswar,30-01-2022,18.4,2.7,8.7,18.4,2.7,8.7,-2,50.2,0,0,0,,0,0,6.1,4.3,311.3,1011.9,2.6,20.9,184.3,16,7,10,30-01-2022 07:00,30-01-2022 17:45,0.93,Clear,Clear conditions throughout the day.,clear-day,"44404099999,remote,42147099999",0
Bhubaneswar,31-01-2022,17.1,3.2,8.3,17.1,3.2,8.3,0.4,61.3,0,0,0,,0,0,9.7,7.4,227.4,1012.4,1.7,20.1,179.2,15.4,7,10,31-01-2022 07:00,31-01-2022 17:46,0.97,Clear,Clear conditions throughout the day.,clear-day,"44404099999,remote,42147099999",0
Bhubaneswar,01-02-2022,15.6,2.5,7.2,15.6,1.3,6.9,-1.4,58.3,0,0,0,,0,0,13.7,8.3,289.2,1011.5,2.8,20.1,177.7,15.3,7,10,01-02-2022 06:59,01-02-2022 17:47,0,Clear,Clear conditions throughout the day.,clear-day,"44404099999,remote,42147099999",0
Bhubaneswar,02-02-2022,16.8,1.8,8,16.8,1.5,8,-2.5,50.3,0.1,100,4.17,rain,0,0,7.2,5.8,127.3,1012.1,34.4,20,182.8,15.6,7,10,02-02-2022 06:59,02-02-2022 17:47,0.03,"Rain, Partially cloudy",Becoming cloudy in the afternoon with late afternoon rain.,rain,"44404099999,remote,42147099999",0
Bhubaneswar,03-02-2022,9.3,-0.6,4.8,9.2,-4.9,4,2.6,86.7,18.3,100,54.17,rain,0.1,0,13,19.8,51,1013,90,13.4,55.4,4.8,2,10,03-02-2022 06:58,03-02-2022 17:48,0.07,"Rain, Partially cloudy",Partly cloudy throughout the day with a chance of rain or snow throughout the day.,snow,"44404099999,remote,42147099999",0
Bhubaneswar,04-02-2022,6.6,-0.8,3,5.3,-3.6,2.5,2.3,94.9,13,100,54.17,"rain,snow",2.4,1.6,10.8,8.7,127,1012.7,96.1,9.5,62.2,5.4,3,10,04-02-2022 06:57,04-02-2022 17:49,0.1,"Snow, Rain, Overcast",Cloudy skies throughout the day with a chance of rain or snow throughout the day.,snow,"44404099999,remote,42147099999",0
Bhubaneswar,05-02-2022,13.5,-0.4,5.1,13.5,-0.4,5,0.9,77,0.3,100,8.33,"rain,snow",0,1.8,6.8,6.6,345.4,1013.6,19.7,21,194.3,16.5,8,10,05-02-2022 06:57,05-02-2022 17:50,0.13,"Snow, Rain",Clear conditions throughout the day with rain or snow clearing later.,rain,"44404099999,remote,42147099999",0
Bhubaneswar,06-02-2022,16.6,1.5,7.2,16.6,1.5,7.2,0,63,0,0,0,,0,1.3,4.7,4,304.7,1016.1,17.2,20.2,192.8,16.4,8,10,06-02-2022 06:56,06-02-2022 17:51,0.16,Clear,Clear conditions throughout the day.,clear-day,"44404099999,remote,42147099999",0
Bhubaneswar,07-02-2022,17.6,4,8.8,17.6,4,8.8,1.8,63.8,0,0,0,,0,0.5,10.8,6.8,261.1,1015.3,21.7,20.2,196.5,16.7,8,10,07-02-2022 06:55,07-02-2022 17:52,0.19,Partially cloudy,Partly cloudy throughout the day.,partly-cloudy-day,"44404099999,remote,42147099999",0
Bhubaneswar,08-02-2022,16.6,3.4,8.3,16.6,3.4,8.3,0.5,61,0.1,100,4.17,rain,0,0.2,7.2,6.1,282.6,1015,4.6,20.1,192.3,16.5,8,10,08-02-2022 06:55,08-02-2022 17:52,0.25,Rain,Clear conditions throughout the day with early morning rain.,rain,"44404099999,remote,42147099999",0
Bhubaneswar,09-02-2022,8.7,0.9,5.2,8.7,0.1,5,1.7,79,2.6,100,29.17,"rain,snow",0,0.2,8.3,6.8,92.6,1017.3,67.3,19.4,51.7,4.4,2,10,09-02-2022 06:54,09-02-2022 17:53,0.26,"Snow, Rain, Partially cloudy",Partly cloudy throughout the day with rain or snow.,rain,"44404099999,remote,42147099999",0
Bhubaneswar,10-02-2022,15,1.1,6.5,15,-2.2,6.3,1.1,71.6,0.2,100,4.17,rain,0,0.3,5.4,10.8,248.4,1017.6,8.6,20.1,202.4,17.4,8,10,10-02-2022 06:53,10-02-2022 17:54,0.29,Rain,Clear conditions throughout the day with late afternoon rain.,rain,"44404099999,remote,42147099999",0
Bhubaneswar,11-02-2022,16.3,1.9,7.2,16.3,1.9,7.2,-1,59.7,0.5,100,8.33,rain,0,0.2,5,4.7,335.8,1015.5,4.8,19.8,197.7,16.9,8,10,11-02-2022 06:52,11-02-2022 17:55,0.32,Rain,Clear conditions throughout the day with rain.,rain,"44404099999,remote,42147099999",0
Bhubaneswar,12-02-2022,18.6,2,8.7,18.6,2,8.6,-3.3,45.8,0,0,0,,0,0.1,6.5,7.2,96.5,1014.9,0,20.9,209.3,18.1,8,10,12-02-2022 06:51,12-02-2022 17:56,0.36,Clear,Clear conditions throughout the day.,clear-day,"44404099999,remote,42147099999",0
Bhubaneswar,13-02-2022,17.5,2.9,8.7,17.5,2.9,8.6,1.3,63.8,0.1,100,4.17,rain,0,0,6.5,6.8,143.4,1014.1,4.6,20.1,199,17.3,8,10,13-02-2022 06:51,13-02-2022 17:56,0.39,Rain,Clear conditions throughout the day with afternoon rain.,rain,"44404099999,remote,42147099999",0
Bhubaneswar,14-02-2022,18.1,3.6,9.1,18.1,3.6,9.1,3.4,70.8,0.4,100,12.5,rain,0,0,6.8,7.2,144.4,1013.9,10.5,19.5,205.9,17.9,8,10,14-02-2022 06:50,14-02-2022 17:57,0.42,Rain,Clear conditions throughout the day with late afternoon rain.,rain,"44404099999,remote,42147099999",0
Bhubaneswar,15-02-2022,18,4.9,9.2,18,4.9,9,3.3,69.8,0.9,100,16.67,rain,0,0,16.6,9.4,342.7,1014.2,40.2,20.1,203.1,17.5,8,10,15-02-2022 06:49,15-02-2022 17:58,0.45,"Rain, Partially cloudy",Partly cloudy throughout the day with a chance of rain throughout the day.,rain,"44404099999,remote,42147099999",0
Bhubaneswar,16-02-2022,17.8,3.2,8.8,17.8,3.2,8.7,1.3,63,0,0,0,,0,0,12.2,6.5,318.9,1012.4,16,19.8,212.8,18.3,8,10,16-02-2022 06:48,16-02-2022 17:59,0.5,Clear,Clear conditions throughout the day.,clear-day,"44404099999,remote,42147099999",0
Bhubaneswar,17-02-2022,18.1,3.5,9.5,18.1,3.5,9.5,0.4,57,0,0,0,,0,0,10.4,5.4,301.8,1011.8,8.7,20.1,215.7,18.4,8,10,17-02-2022 06:47,17-02-2022 18:00,0.52,Clear,Clear conditions throughout the day.,clear-day,"44404099999,remote,42147099999",0
Bhubaneswar,18-02-2022,18.9,3.4,9.6,18.9,3.4,9.6,-1.5,49.5,0.3,100,12.5,rain,0,0,8.3,8.3,239,1013,2.3,20.1,220.5,18.9,8,10,18-02-2022 06:46,18-02-2022 18:00,0.56,Rain,Clear conditions throughout the day with late afternoon rain.,rain,"44404099999,remote,42147099999",0
Bhubaneswar,19-02-2022,18.1,2.8,8.8,18.1,2.8,8.5,-1.5,52.3,0,0,0,,0,0,11.2,9.4,289.4,1014.1,7.7,20.1,218.4,18.9,8,10,19-02-2022 06:45,19-02-2022 18:01,0.59,Clear,Clear conditions throughout the day.,clear-day,"44404099999,remote,42147099999",0
Bhubaneswar,20-02-2022,16.8,2.5,8,16.8,2.5,8,-2.7,49.7,0.6,100,8.33,rain,0,0,14,9,293.5,1008.2,12.6,20.1,212.3,18.4,8,10,20-02-2022 06:44,20-02-2022 18:02,0.63,Rain,Clear conditions throughout the day with rain.,rain,"44404099999,remote,42147099999",0
Bhubaneswar,21-02-2022,18.2,2.1,8.5,18.2,2.1,8.5,-3.6,44.5,0.8,100,16.67,rain,0,0,5.8,6.1,227,1009.8,5.9,20.7,211.1,18.1,8,10,21-02-2022 06:43,21-02-2022 18:03,0.66,Rain,Clear conditions throughout the day with a chance of rain throughout the day.,rain,"44404099999,remote,42147099999",0
Bhubaneswar,22-02-2022,20.1,3.8,10.6,20.1,1.9,10.5,-1.2,47.5,0,0,0,,0,0,8.6,11.2,140.5,1014.8,45.5,20.1,211.5,18.3,8,10,22-02-2022 06:42,22-02-2022 18:03,0.7,Partially cloudy,Partly cloudy throughout the day.,partly-cloudy-day,"44404099999,remote,42147099999",0
Bhubaneswar,23-02-2022,19,6.2,11,19,3.9,10.7,4.4,66,2.3,100,37.5,rain,0,0,11.2,14.4,44.9,1018.3,77.5,19.6,165.6,14.2,7,10,23-02-2022 06:41,23-02-2022 18:04,0.73,"Rain, Partially cloudy",Partly cloudy throughout the day with a chance of rain throughout the day.,rain,"44404099999,remote,42147099999",0
Bhubaneswar,24-02-2022,18.9,4.9,9.6,18.9,4.9,9.4,3.6,70.4,0.6,100,16.67,rain,0,0,18,15.1,306.2,1018.1,67.5,19.4,195.9,16.9,7,10,24-02-2022 06:40,24-02-2022 18:05,0.75,"Rain, Partially cloudy",Partly cloudy throughout the day with rain.,rain,"44404099999,remote,42147099999",0
Bhubaneswar,25-02-2022,17.9,3.5,9.1,17.9,3.5,9,2,65.8,0.4,100,12.5,rain,0,0,15.5,9.7,292.8,1019,41.4,19.9,224.7,19.2,8,10,25-02-2022 06:39,25-02-2022 18:05,0.81,"Rain, Partially cloudy",Partly cloudy throughout the day with rain.,rain,"44404099999,remote,42147099999",0
Bhubaneswar,26-02-2022,10.3,2.4,5.9,10.3,0.5,5.4,1.3,74.4,4.8,100,29.17,rain,0,0.1,8.3,8.2,25.7,1022.9,79.1,18.7,74.5,6.3,3,10,26-02-2022 06:38,26-02-2022 18:06,0.84,"Rain, Partially cloudy",Partly cloudy throughout the day with rain.,rain,"44404099999,remote,42147099999",0
Bhubaneswar,27-02-2022,18.3,3.7,9,18.3,2.8,8.8,2.4,68,1.9,100,29.17,rain,0,0.3,8.6,7.2,2.3,1020.4,43.5,19.9,222.9,19.3,9,10,27-02-2022 06:37,27-02-2022 18:07,0.88,"Rain, Partially cloudy",Partly cloudy throughout the day with a chance of rain throughout the day.,rain,"44404099999,remote,42147099999",0
Bhubaneswar,28-02-2022,20.6,3.6,10.7,20.6,3.6,10.7,-1.7,45.2,0,0,0,,0,0.1,4.3,4.7,354.7,1017.5,22.5,20.1,239.4,20.8,9,10,28-02-2022 06:36,28-02-2022 18:08,0.91,Partially cloudy,Partly cloudy throughout the day.,partly-cloudy-day,"44404099999,remote,42147099999",0
Bhubaneswar,01-03-2022,21.2,5.6,11.8,21.2,5.6,11.7,1.3,52.6,0.7,100,8.33,rain,0,0,13,7.2,351.3,1017.4,26.8,19.6,230.3,19.9,9,10,01-03-2022 06:35,01-03-2022 18:08,0.95,"Rain, Partially cloudy",Partly cloudy throughout the day with late afternoon rain.,rain,"44404099999,remote,42147099999",0
Bhubaneswar,02-03-2022,21.3,5.3,11.8,21.3,5.3,11.8,1,51.7,0,0,0,,0,0,7.2,7.2,160.2,1017.7,5.7,20.1,239.5,20.6,9,10,02-03-2022 06:34,02-03-2022 18:09,0,Clear,Clear conditions throughout the day.,clear-day,"44404099999,remote,42147099999",0
Bhubaneswar,03-03-2022,21.8,6.1,12.2,21.8,6.1,12.1,0.3,47.6,0.6,100,20.83,rain,0,0,16.9,14.4,337.6,1017.3,33.7,20,221.3,18.8,9,10,03-03-2022 06:33,03-03-2022 18:10,0.02,"Rain, Partially cloudy",Partly cloudy throughout the day with late afternoon rain.,rain,"44404099999,remote,42147099999",0
Bhubaneswar,04-03-2022,21,5.7,11.5,21,5.7,11.3,1.6,55.1,0.2,100,4.17,rain,0,0,10.4,7.6,333.9,1017.8,33.2,20,229.6,19.7,9,10,04-03-2022 06:32,04-03-2022 18:10,0.05,"Rain, Partially cloudy",Partly cloudy throughout the day with early morning rain.,rain,"44404099999,remote,42147099999",0
Bhubaneswar,05-03-2022,23.8,5.1,13,23.8,4.5,13,-2.9,35.8,0,0,0,,0,0,5,6.4,340.7,1015.1,2.4,20.7,250.6,21.5,9,10,05-03-2022 06:31,05-03-2022 18:11,0.08,Clear,Clear conditions throughout the day.,clear-day,"44404099999,remote,42147099999",0
Bhubaneswar,06-03-2022,23.5,7.6,13.9,23.5,7.6,13.9,-0.6,39.6,0,0,0,,0,0,5,6.4,127.5,1014.8,91.2,20,191.1,16.4,7,10,06-03-2022 06:30,06-03-2022 18:12,0.11,Overcast,Cloudy skies throughout the day.,cloudy,"44404099999,remote,42147099999",0
Bhubaneswar,07-03-2022,23,9,14.1,23,9,14.1,1.3,44.7,0,0,0,,0,0,6.1,6.8,95,1016.8,81.2,20.1,184.2,15.8,6,10,07-03-2022 06:29,07-03-2022 18:12,0.15,Partially cloudy,Partly cloudy throughout the day.,partly-cloudy-day,"44404099999,remote,42147099999",0
Bhubaneswar,08-03-2022,24.9,6.7,14.4,24.9,6.7,14.4,-3.1,33.4,0,0,0,,0,0,8.6,6.4,317,1016.2,19.7,20.1,247.2,21.3,9,10,08-03-2022 06:27,08-03-2022 18:13,0.18,Clear,Clear conditions throughout the day.,clear-day,"44404099999,remote,42147099999",0
Bhubaneswar,09-03-2022,25.6,7,15,25.6,7,14.9,-3.2,31.4,0,0,0,,0,0,7.9,8.9,279.2,1014.8,8.3,20.1,259.4,22.2,9,10,09-03-2022 06:26,09-03-2022 18:14,0.21,Clear,Clear conditions throughout the day.,clear-day,"44404099999,remote,42147099999",0
Bhubaneswar,10-03-2022,23.4,9.1,14.6,23.4,9.1,14.6,-1.2,35.7,0,0,0,,0,0,6.1,5.8,295,1014.4,91.2,20.1,169.7,14.5,6,10,10-03-2022 06:25,10-03-2022 18:14,0.25,Overcast,Cloudy skies throughout the day.,cloudy,"44404099999,remote,42147099999",0
Bhubaneswar,11-03-2022,26.3,8.3,15.9,26.3,8.3,15.9,-1,34.6,0,0,0,,0,0,10.4,9,271,1013.8,25.8,21.1,257.8,22.2,9,10,11-03-2022 06:24,11-03-2022 18:15,0.27,Partially cloudy,Partly cloudy throughout the day.,partly-cloudy-day,"44404099999,remote,42147099999",0
Bhubaneswar,12-03-2022,27.4,8,16.1,26.3,8,16,-1.6,33.6,0,0,0,,0,0,6.5,6.4,231.9,1013.1,0.8,20.1,262.7,22.6,9,10,12-03-2022 06:23,12-03-2022 18:15,0.31,Clear,Clear conditions throughout the day.,clear-day,"44404099999,remote,42147099999",0
Bhubaneswar,13-03-2022,27.8,8.9,16.5,26.7,8.9,16.4,1.6,40.6,0,0,0,,0,0,6.8,7.2,160.7,1013.3,4,20.1,259.7,22.4,9,10,13-03-2022 06:22,13-03-2022 18:16,0.34,Clear,Clear conditions throughout the day.,clear-day,"44404099999,remote,42147099999",0
Bhubaneswar,14-03-2022,29.2,9.9,17.6,27.5,9.9,17.4,3.3,42.1,0,0,0,,0,0,7.9,7.9,190.7,1012.9,3.2,20.1,261.3,22.4,9,10,14-03-2022 06:21,14-03-2022 18:17,0.37,Clear,Clear conditions throughout the day.,clear-day,"44404099999,remote,42147099999",0
Bhubaneswar,15-03-2022,29.7,10.9,18.7,27.9,10.9,18.5,4.5,42.3,0,0,0,,0,0,13.7,9.7,186.2,1010.3,4.3,20.2,259.8,22.4,9,10,15-03-2022 06:19,15-03-2022 18:17,0.4,Clear,Clear conditions throughout the day.,clear-day,"44404099999,remote,42147099999",0
Bhubaneswar,16-03-2022,30.9,11.7,19.2,28.8,11.7,18.9,5.1,43.5,0,0,0,,0,0,10.4,8.3,182.1,1007.8,3.6,20.2,263.1,22.5,9,10,16-03-2022 06:18,16-03-2022 18:18,0.43,Clear,Clear conditions throughout the day.,clear-day,"44404099999,remote,42147099999",0
Bhubaneswar,17-03-2022,29.8,11.7,18.7,28.1,11.7,18.5,5.5,46.5,0,0,0,,0,0,13.7,14.4,142.5,1010.3,45.2,19.9,264.5,22.6,9,10,17-03-2022 06:17,17-03-2022 18:19,0.47,Partially cloudy,Becoming cloudy in the afternoon.,partly-cloudy-day,"44404099999,remote,42147099999",0
Bhubaneswar,18-03-2022,31.1,12.5,19.8,29.1,12.5,19.5,7,47.2,0,0,0,,0,0,8.3,7.6,184.6,1011.8,74.5,20,262.6,22.6,9,10,18-03-2022 06:16,18-03-2022 18:19,0.5,Partially cloudy,Partly cloudy throughout the day.,partly-cloudy-day,"44404099999,remote,42147099999",0
Bhubaneswar,19-03-2022,31.3,12.9,20.1,29.2,12.9,19.7,5.8,43.1,0,0,0,,0,0,17.6,11.9,233.9,1009.2,65.4,19.8,265.9,22.7,9,10,19-03-2022 06:15,19-03-2022 18:20,0.53,Partially cloudy,Partly cloudy throughout the day.,partly-cloudy-day,"44404099999,remote,42147099999",0
Bhubaneswar,20-03-2022,30,12.5,19.3,28.1,12.5,19.1,3.7,38.1,0,0,0,,0,0,22,13,270.2,1008.5,30.8,20,258.1,22.1,9,10,20-03-2022 06:13,20-03-2022 18:20,0.57,Partially cloudy,Becoming cloudy in the afternoon.,partly-cloudy-day,"44404099999,remote,42147099999",0
Bhubaneswar,21-03-2022,28.5,11.4,18.5,26.9,11.4,18.3,-0.2,32.2,0,0,0,,0,0,9.4,6.5,297.7,1010.4,13,20.1,273,23.5,10,10,21-03-2022 06:12,21-03-2022 18:21,0.61,Clear,Clear conditions throughout the day.,clear-day,"44404099999,remote,42147099999",0
Bhubaneswar,22-03-2022,30.9,10.5,18.7,28.9,10.5,18.4,-2.5,27.2,0,0,0,,0,0,16.6,10.8,254.9,1010.2,1.5,20.1,277.3,24,10,10,22-03-2022 06:11,22-03-2022 18:22,0.64,Clear,Clear conditions throughout the day.,clear-day,"44404099999,remote,42147099999",0
Bhubaneswar,23-03-2022,29,10.2,17.9,27.3,10.2,17.6,-1.8,30.8,0,0,0,,0,0,20.9,12.6,237.5,1010.4,6.4,20,296.7,25.7,10,10,23-03-2022 06:10,23-03-2022 18:22,0.68,Clear,Clear conditions throughout the day.,clear-day,"44404099999,remote,42147099999",0
Bhubaneswar,24-03-2022,28.3,9.7,17.4,26.8,9.7,17.1,-2.1,29.6,0,0,0,,0,0,26.3,16.6,273.8,1009.5,8.4,20,295.2,25.5,10,10,24-03-2022 06:09,24-03-2022 18:23,0.71,Clear,Clear conditions throughout the day.,clear-day,"44404099999,remote,42147099999",0
Bhubaneswar,25-03-2022,27.6,9.4,16.9,26.3,9.4,16.7,-3.9,26.4,0,0,0,,0,0,24.8,14,296.4,1009.7,4.3,20.7,299.1,25.9,10,10,25-03-2022 06:07,25-03-2022 18:23,0.75,Clear,Clear conditions throughout the day.,clear-day,"44404099999,remote,42147099999",0
Bhubaneswar,26-03-2022,29.3,9,17.6,27.6,9,17.3,-3.5,26.4,0,0,0,,0,0,12.2,8.6,279.8,1010.5,0,20.1,301.3,26,10,10,26-03-2022 06:06,26-03-2022 18:24,0.79,Clear,Clear conditions throughout the day.,clear-day,"44404099999,remote,42147099999",0
Bhubaneswar,27-03-2022,31,10,18.5,28.9,10,18.2,-2,28.1,0,0,0,,0,0,19.8,13,192.3,1011.1,2.5,20.1,303.2,26,10,10,27-03-2022 06:05,27-03-2022 18:25,0.82,Clear,Clear conditions throughout the day.,clear-day,"44404099999,remote,42147099999",0
Bhubaneswar,28-03-2022,31.2,10.6,18.9,29.1,10.6,18.6,-1.5,28.8,0,0,0,,0,0,13.7,9.4,288.1,1011.4,5.6,20.1,304,26.2,10,10,28-03-2022 06:04,28-03-2022 18:25,0.86,Clear,Clear conditions throughout the day.,clear-day,"44404099999,remote,42147099999",0
Bhubaneswar,29-03-2022,32.1,10.6,19.4,29.8,10.6,19,-2.4,26.3,0,0,0,,0,0,15.5,10.1,270.4,1009.6,2.4,20.1,307.1,26.7,10,10,29-03-2022 06:03,29-03-2022 18:26,0.89,Clear,Clear conditions throughout the day.,clear-day,"44404099999,remote,42147099999",0
Bhubaneswar,30-03-2022,31.8,10.8,19.5,29.6,10.8,19.1,-3.1,25.6,0,0,0,,0,0,16.2,13.3,281.4,1010.6,1.7,20,308.9,26.7,10,10,30-03-2022 06:01,30-03-2022 18:26,0.93,Clear,Clear conditions throughout the day.,clear-day,"44404099999,remote,42147099999",0
Bhubaneswar,31-03-2022,31.2,10.4,19.2,29.1,10.4,18.9,-3.9,24.4,0,0,0,,0,0,24.1,23.4,283.1,1011.5,1.3,20.1,313.5,26.8,10,10,31-03-2022 06:00,31-03-2022 18:27,0.96,Clear,Clear conditions throughout the day.,clear-day,"44404099999,remote,42147099999",0
Bhubaneswar,01-04-2022,32.7,10.6,19.9,30.3,10.6,19.4,-2.7,24.8,0,0,0,,0,0,14.4,10.8,231.6,1010.3,0,20,314.3,27,10,10,01-04-2022 05:59,01-04-2022 18:28,0,Clear,Clear conditions throughout the day.,clear-day,"44404099999,remote,42147099999",0
Bhubaneswar,02-04-2022,31.6,11.3,19.6,29.4,11.3,19.2,-1.3,27.4,0,0,0,,0,0,21.6,15.8,213.5,1012.3,0,20,312.4,26.8,10,10,02-04-2022 05:58,02-04-2022 18:28,0.03,Clear,Clear conditions throughout the day.,clear-day,"44404099999,remote,42147099999",0
Bhubaneswar,03-04-2022,30.8,10.9,19.3,28.8,10.9,19,-4,24.1,0,0,0,,0,0,23.4,16.9,284.7,1012.8,0.3,20,317.3,27.4,10,10,03-04-2022 05:57,03-04-2022 18:29,0.06,Clear,Clear conditions throughout the day.,clear-day,"44404099999,remote,42147099999",0
Bhubaneswar,04-04-2022,32.2,10.5,19.7,30,10.5,19.3,-6.6,18.6,0,0,0,,0,0,16.2,10.1,297,1011.4,1.7,20,320.5,27.8,10,10,04-04-2022 05:56,04-04-2022 18:29,0.1,Clear,Clear conditions throughout the day.,clear-day,"44404099999,remote,42147099999",0
Bhubaneswar,05-04-2022,32.4,10.8,19.7,30.1,10.8,19.3,-6,19.1,0,0,0,,0,0,20.5,13.3,262.1,1014,24.6,19.8,313.6,27.1,10,10,05-04-2022 05:54,05-04-2022 18:30,0.13,Partially cloudy,Partly cloudy throughout the day.,partly-cloudy-day,"44404099999,remote,42147099999",0
Bhubaneswar,06-04-2022,32.6,11.2,20.1,30.3,11.2,19.7,-3.9,22.2,0,0,0,,0,0,17.3,13.3,253.2,1013.9,15.2,20,320.3,27.8,10,10,06-04-2022 05:53,06-04-2022 18:31,0.16,Clear,Clear conditions throughout the day.,clear-day,"44404099999,remote,42147099999",0
Bhubaneswar,07-04-2022,32.1,11.4,20.1,29.8,11.4,19.7,-2.2,25.2,0,0,0,,0,0,18.7,13,253.8,1013.5,1.1,20,327.8,28.3,10,10,07-04-2022 05:52,07-04-2022 18:31,0.19,Clear,Clear conditions throughout the day.,clear-day,"44404099999,remote,42147099999",0
Bhubaneswar,08-04-2022,32.6,11.8,20.6,30.2,11.8,20.2,-1.3,25.9,0,0,0,,0,0,18,11.2,285.1,1011.4,0.7,20.1,320.3,27.6,10,10,08-04-2022 05:51,08-04-2022 18:32,0.23,Clear,Clear conditions throughout the day.,clear-day,"44404099999,remote,42147099999",0
Bhubaneswar,09-04-2022,32.3,12.9,21.1,30,12.9,20.6,-0.8,26.5,0,0,0,,0,0,25.2,24.5,277.6,1009.8,1.2,20.1,321.6,27.8,10,10,09-04-2022 05:50,09-04-2022 18:32,0.25,Clear,Clear conditions throughout the day.,clear-day,"44404099999,remote,42147099999",0
Bhubaneswar,10-04-2022,32.9,12.7,21.2,30.5,12.7,20.7,-1,26,0,0,0,,0,0,17.6,12.2,299.8,1009.1,1.7,20,323.9,28.1,10,10,10-04-2022 05:49,10-04-2022 18:33,0.29,Clear,Clear conditions throughout the day.,clear-day,"44404099999,remote,42147099999",0
Bhubaneswar,11-04-2022,33.4,13,21.7,30.9,13,21.1,-0.5,26.2,0,0,0,,0,0,15.1,12.6,280.6,1008,10.4,19.9,328,28.3,10,10,11-04-2022 05:47,11-04-2022 18:34,0.32,Clear,Clear conditions throughout the day.,clear-day,"44404099999,remote,42147099999",0
Bhubaneswar,12-04-2022,32.6,14.7,22.2,30.2,14.7,21.7,1.3,28.5,0,0,0,,0,0,17.3,16.6,281.6,1008.4,80.8,20.9,267.5,23.2,9,10,12-04-2022 05:46,12-04-2022 18:34,0.35,Partially cloudy,Partly cloudy throughout the day.,partly-cloudy-day,"44404099999,remote,42147099999",0
Bhubaneswar,13-04-2022,32.9,14.6,22.5,30.5,14.6,22,0.6,25.7,0,0,0,,0,0,20.9,20.2,270,1008.1,48.5,20,319.3,27.5,10,10,13-04-2022 05:45,13-04-2022 18:35,0.39,Partially cloudy,Partly cloudy throughout the day.,partly-cloudy-day,"44404099999,remote,42147099999",0
Bhubaneswar,14-04-2022,30.6,13.2,19.7,28.6,13.2,19.3,2.6,35.8,0.1,100,4.17,rain,0,0,20.2,20.2,24,1007.8,39.6,20,276.9,24,10,10,14-04-2022 05:44,14-04-2022 18:35,0.42,"Rain, Partially cloudy",Partly cloudy throughout the day with late afternoon rain.,rain,"44404099999,remote,42147099999",0
Bhubaneswar,15-04-2022,29.6,10.7,18.9,27.8,10.7,18.6,0.1,33.1,0,0,0,,0,0,18,20.5,292.3,1007.9,18.8,20.1,322.8,27.9,10,10,15-04-2022 05:43,15-04-2022 18:36,0.45,Clear,Clear conditions throughout the day.,clear-day,"44404099999,remote,42147099999",0
Bhubaneswar,16-04-2022,30.4,11.4,19.5,28.4,11.4,19.2,-1.3,27.1,0,0,0,,0,0,22.7,25.9,279.1,1007.4,5,20.9,328.6,28.4,10,10,16-04-2022 05:42,16-04-2022 18:37,0.48,Clear,Clear conditions throughout the day.,clear-day,"44404099999,remote,42147099999",0
Bhubaneswar,17-04-2022,31.7,11.8,20.5,29.5,11.8,20.1,-0.9,26.8,0,0,0,,0,0,18.4,14.4,321.4,1008,13.9,22.7,329,28.4,10,10,17-04-2022 05:41,17-04-2022 18:37,0.5,Clear,Clear conditions throughout the day.,clear-day,"44404099999,remote,42147099999",0
Bhubaneswar,18-04-2022,33.5,13.3,22,31,13.3,21.4,-1.6,23.4,0,0,0,,0,0,20.2,20.5,293.7,1009.4,11.4,20,333.7,28.8,10,10,18-04-2022 05:40,18-04-2022 18:38,0.55,Clear,Clear conditions throughout the day.,clear-day,"44404099999,remote,42147099999",0
Bhubaneswar,19-04-2022,34.5,13.6,22.3,31.8,13.6,21.7,0.1,25.5,0,0,0,,0,0,26.6,27.7,303.3,1010.4,7.4,20,326.9,28.2,10,10,19-04-2022 05:39,19-04-2022 18:38,0.59,Clear,Clear conditions throughout the day.,clear-day,"44404099999,remote,42147099999",0
Bhubaneswar,20-04-2022,33.2,14.4,22.7,30.7,14.4,22.1,1.8,28.2,0,0,0,,0,0,24.1,22.3,271.3,1008.6,13.6,20.2,332.2,28.5,10,10,20-04-2022 05:38,20-04-2022 18:39,0.62,Clear,Clear conditions throughout the day.,clear-day,"44404099999,remote,42147099999",0
Bhubaneswar,21-04-2022,33,16.6,22.2,30.6,16.6,21.8,3.7,32.8,0,0,0,,0,0,18.4,27.7,280.8,1009.3,77.1,19.9,310,26.7,10,10,21-04-2022 05:37,21-04-2022 18:40,0.66,Partially cloudy,Partly cloudy throughout the day.,partly-cloudy-day,"44404099999,remote,42147099999",0
Bhubaneswar,22-04-2022,31,14.5,20.8,28.9,14.5,20.5,4.9,38.5,0,0,0,,0,0,20.2,16.2,264.5,1010.9,41.7,20,309.6,26.8,10,10,22-04-2022 05:36,22-04-2022 18:40,0.69,Partially cloudy,Partly cloudy throughout the day.,partly-cloudy-day,"44404099999,remote,42147099999",0
Bhubaneswar,23-04-2022,30.9,12.7,20.6,28.8,12.7,20.2,0.9,30.6,0,0,0,,0,0,20.9,22.7,279.8,1010.8,2.3,20.8,337.3,29.1,10,10,23-04-2022 05:35,23-04-2022 18:41,0.75,Clear,Clear conditions throughout the day.,clear-day,"44404099999,remote,42147099999",0
Bhubaneswar,24-04-2022,32.2,12.3,20.8,29.9,12.3,20.3,-2.6,22.6,0,0,0,,0,0,13.7,11.5,302.9,1008.3,0.8,20.8,339.4,29.6,10,10,24-04-2022 05:34,24-04-2022 18:42,0.77,Clear,Clear conditions throughout the day.,clear-day,"44404099999,remote,42147099999",0
Bhubaneswar,25-04-2022,33.1,12.7,21.6,30.7,12.7,21.1,-1.7,23.6,0,0,0,,0,0,21.6,24.1,275.1,1007.2,2.2,19.9,341,29.6,10,10,25-04-2022 05:33,25-04-2022 18:42,0.8,Clear,Clear conditions throughout the day.,clear-day,"44404099999,remote,42147099999",0
Bhubaneswar,26-04-2022,32,13.9,21.4,29.7,13.9,20.9,-0.3,25.9,0,0,0,,0,0,17.3,16.2,338.3,1008.8,24.7,20,319.8,27.8,10,10,26-04-2022 05:32,26-04-2022 18:43,0.84,Partially cloudy,Partly cloudy throughout the day.,partly-cloudy-day,"44404099999,remote,42147099999",0
Bhubaneswar,27-04-2022,34.9,13.3,22.4,32.2,13.3,21.8,0.1,25.6,0,0,0,,0,0,9,9,292.6,1008.6,0,20,341.8,29.6,10,10,27-04-2022 05:31,27-04-2022 18:43,0.87,Clear,Clear conditions throughout the day.,clear-day,"44404099999,remote,42147099999",0
Bhubaneswar,28-04-2022,34.5,14.3,22.9,31.8,14.3,22.3,1.2,26.8,0,0,0,,0,0,20.9,20.5,274.2,1008.8,11.5,19.8,338.3,29,10,10,28-04-2022 05:30,28-04-2022 18:44,0.91,Clear,Clear conditions throughout the day.,clear-day,"44404099999,remote,42147099999",0
Bhubaneswar,29-04-2022,34.2,14.9,23.2,31.6,14.9,22.6,3,29.9,0,0,0,,0,0,27.4,27,295.3,1008.7,16,20,331.3,28.8,10,10,29-04-2022 05:29,29-04-2022 18:45,0.94,Clear,Clear conditions throughout the day.,clear-day,"44404099999,remote,42147099999",0
Bhubaneswar,30-04-2022,33.9,15.2,23.1,31.4,15.2,22.5,4.1,32.3,0,0,0,,0,0,20.9,19.1,329.4,1006.5,33.5,20,303.1,26.2,10,10,30-04-2022 05:28,30-04-2022 18:45,0.98,Partially cloudy,Becoming cloudy in the afternoon.,partly-cloudy-day,"44404099999,remote,42147099999",0
Bhubaneswar,01-05-2022,33.7,14.4,22,31.2,14.4,21.5,5.8,39.2,0.1,100,4.17,rain,0,0,21.2,19.1,73.7,1006.3,66.8,20,249.5,21.7,10,10,01-05-2022 05:27,01-05-2022 18:46,0,"Rain, Partially cloudy",Partly cloudy throughout the day with late afternoon rain.,rain,"44404099999,remote,42147099999",0
Bhubaneswar,02-05-2022,32.8,13.4,21.3,30.6,13.4,20.9,8.8,48.7,0,0,0,,0,0,16.6,15.8,218.1,1006.5,51.1,20,261.3,22.6,10,10,02-05-2022 05:26,02-05-2022 18:47,0.05,Partially cloudy,Partly cloudy throughout the day.,partly-cloudy-day,"44404099999,remote,42147099999",0
Bhubaneswar,03-05-2022,33.9,14.9,21.5,31.9,14.9,21.2,10.9,54.6,2.1,100,33.33,rain,0,0,25.2,14,12.7,1007.7,46.1,18.6,262.4,22.6,10,10,03-05-2022 05:25,03-05-2022 18:47,0.08,"Rain, Partially cloudy",Partly cloudy throughout the day with rain.,rain,"44404099999,remote,42147099999",0
Bhubaneswar,04-05-2022,33.3,14.4,21.2,31.1,14.4,20.9,11,58.1,0.2,100,4.17,rain,0,0,19.1,23.8,234.3,1009.8,43.7,20,297.4,25.6,10,10,04-05-2022 05:25,04-05-2022 18:48,0.11,"Rain, Partially cloudy",Becoming cloudy in the afternoon with late afternoon rain.,rain,"44404099999,remote,42147099999",0
Bhubaneswar,05-05-2022,31,12.2,20.3,29.1,12.2,20.2,9.9,54.3,0.1,100,4.17,rain,0,0,15.1,7.2,299.8,1009.4,39.3,20,235.3,20.1,10,10,05-05-2022 05:24,05-05-2022 18:48,0.14,"Rain, Partially cloudy",Becoming cloudy in the afternoon with afternoon rain.,rain,"44404099999,remote,42147099999",0
Bhubaneswar,06-05-2022,31.7,13.9,20.9,29.6,13.9,20.6,9.1,51.8,0,0,0,,0,0,19.4,14.8,343,1008.8,26.9,20,281.2,24.4,10,10,06-05-2022 05:23,06-05-2022 18:49,0.18,Partially cloudy,Becoming cloudy in the afternoon.,partly-cloudy-day,"44404099999,remote,42147099999",0
Bhubaneswar,07-05-2022,32.1,14.1,21.3,29.9,14.1,20.8,6.4,42.6,0,0,0,,0,0,12.2,8.6,299.7,1009,34.9,19.9,290.8,25.3,10,10,07-05-2022 05:22,07-05-2022 18:50,0.21,Partially cloudy,Becoming cloudy in the afternoon.,partly-cloudy-day,"44404099999,remote,42147099999",0
Bhubaneswar,08-05-2022,33.1,13.1,21.5,30.7,13.1,21,4.5,36.4,0,0,0,,0,0,13.3,11.4,286.1,1008.3,19.3,21.4,320.1,27.7,10,10,08-05-2022 05:21,08-05-2022 18:50,0.24,Clear,Clear conditions throughout the day.,clear-day,"44404099999,remote,42147099999",0
Bhubaneswar,09-05-2022,32.6,15.1,21.4,30.5,15.1,21.1,8.3,46.6,0,0,0,,0,0,14,14.8,227.5,1008.3,37.1,19.8,275,23.7,10,10,09-05-2022 05:21,09-05-2022 18:51,0.25,Partially cloudy,Partly cloudy throughout the day.,partly-cloudy-day,"44404099999,remote,42147099999",0
Bhubaneswar,10-05-2022,32.6,15.2,21.1,30.7,15.2,20.9,12.3,60.8,0.6,100,12.5,rain,0,0,15.8,15.5,200.5,1008.4,43.7,20.2,244.8,21.4,10,10,10-05-2022 05:20,10-05-2022 18:52,0.31,"Rain, Partially cloudy",Partly cloudy throughout the day with rain.,rain,"44404099999,remote,42147099999",0
Bhubaneswar,11-05-2022,31.4,14.7,21.4,30.1,14.7,21.2,13.1,63.1,0,0,0,,0,0,12.6,11.9,138.4,1006.9,43,20,213.3,18.5,9,10,11-05-2022 05:19,11-05-2022 18:52,0.34,Partially cloudy,Partly cloudy throughout the day.,partly-cloudy-day,"44404099999,remote,42147099999",0
Bhubaneswar,12-05-2022,32.2,16.8,22.1,31,16.8,21.9,13.6,62.1,2.8,100,33.33,rain,0,0,25.6,11.2,284.2,1005.8,44.8,18.8,224.7,19.2,9,10,12-05-2022 05:19,12-05-2022 18:53,0.37,"Rain, Partially cloudy",Partly cloudy throughout the day with rain clearing later.,rain,"44404099999,remote,42147099999",0
Bhubaneswar,13-05-2022,32.4,15.2,21.6,30.6,15.2,21.4,12.9,61.4,0.1,100,4.17,rain,0,0,17.6,9.7,26.1,1003.3,39,19.8,209.8,18.1,10,10,13-05-2022 05:18,13-05-2022 18:54,0.41,"Rain, Partially cloudy",Partly cloudy throughout the day with afternoon rain.,rain,"44404099999,remote,42147099999",0
Bhubaneswar,14-05-2022,35.1,15.2,23.6,32.6,15.2,23,8.5,44.9,0,0,0,,0,0,13,10.8,316.6,1002.7,18.1,19.8,296.8,25.6,10,10,14-05-2022 05:17,14-05-2022 18:54,0.44,Clear,Clear conditions throughout the day.,clear-day,"44404099999,remote,42147099999",0
Bhubaneswar,15-05-2022,36.5,16.7,24.9,33.6,16.7,24.1,3.3,28.2,0,0,0,,0,0,16.9,16.2,271.5,1004.7,8.8,20.7,353.7,30.5,10,10,15-05-2022 05:17,15-05-2022 18:55,0.47,Clear,Clear conditions throughout the day.,clear-day,"44404099999,remote,42147099999",0
Bhubaneswar,16-05-2022,36.5,11.9,24.8,33.6,11.9,24,4.7,32.6,0.1,100,4.17,rain,0,0,25.6,21.2,220.6,1004.6,31.8,20,338.8,29.2,10,10,16-05-2022 05:16,16-05-2022 18:55,0.5,"Rain, Partially cloudy",Becoming cloudy in the afternoon with late afternoon rain.,rain,"44404099999,remote,42147099999",0
Bhubaneswar,17-05-2022,33.1,14.1,21.1,30.8,14.1,20.8,8.6,47.8,0.4,100,8.33,rain,0,0,21.2,9,24.4,1006.6,39,20,225.1,19.3,10,10,17-05-2022 05:15,17-05-2022 18:56,0.54,"Rain, Partially cloudy",Partly cloudy throughout the day with afternoon rain.,rain,"44404099999,remote,42147099999",0
Bhubaneswar,18-05-2022,32.2,14.4,21.6,30,14.4,21.1,6.7,42.1,0,0,0,,0,0,18,19.8,306.3,1007.5,41.2,19.9,281.8,24.2,10,10,18-05-2022 05:15,18-05-2022 18:57,0.57,Partially cloudy,Partly cloudy throughout the day.,partly-cloudy-day,"44404099999,remote,42147099999",0
Bhubaneswar,19-05-2022,34.2,14.9,23,31.7,14.9,22.5,6.1,36.8,0,0,0,,0,0,12.2,12.6,3.1,1006.7,15.8,19.8,312.8,26.7,10,10,19-05-2022 05:14,19-05-2022 18:57,0.61,Clear,Clear conditions throughout the day.,clear-day,"44404099999,remote,42147099999",0
Bhubaneswar,20-05-2022,35.6,16.7,24,32.9,16.7,23.3,6,35.2,0,0,0,,0,0,32.4,23.4,301.9,1003.6,21.7,20,290.8,25.1,10,10,20-05-2022 05:14,20-05-2022 18:58,0.64,Partially cloudy,Becoming cloudy in the afternoon.,partly-cloudy-day,"44404099999,remote,42147099999",0
Bhubaneswar,21-05-2022,34.7,15.9,23.1,32,15.9,22.5,4.8,34.3,0,0,0,,0,0,26.3,29.9,302.9,1001.2,28.8,20,326.8,28.3,10,10,21-05-2022 05:13,21-05-2022 18:59,0.68,Partially cloudy,Partly cloudy throughout the day.,partly-cloudy-day,"44404099999,remote,42147099999",0
Bhubaneswar,22-05-2022,30.4,14.2,20.6,28.5,14.2,20.3,6.6,43.2,0.1,100,4.17,rain,0,0,19.1,18,268.6,1000.3,73.4,20,243.5,20.9,8,10,22-05-2022 05:13,22-05-2022 18:59,0.71,"Rain, Partially cloudy",Partly cloudy throughout the day with late afternoon rain.,rain,"44404099999,remote,42147099999",0
Bhubaneswar,23-05-2022,30.7,11.6,17.3,28.8,11.6,17.2,10.3,69.4,4.7,100,37.5,rain,0,0,22,12.6,82.4,1003.8,52.9,18.7,226,19.5,10,10,23-05-2022 05:12,23-05-2022 19:00,0.75,"Rain, Partially cloudy",Partly cloudy throughout the day with a chance of rain throughout the day.,rain,"44404099999,remote,42147099999",0
Bhubaneswar,24-05-2022,19.7,11.4,14.6,19.7,11.4,14.6,11.2,80.5,7.6,100,41.67,rain,0,0,9,6.8,34.7,1010.9,65.4,18.9,124.7,10.8,7,10,24-05-2022 05:12,24-05-2022 19:00,0.78,"Rain, Partially cloudy",Partly cloudy throughout the day with rain.,rain,"44404099999,remote,42147099999",0
Bhubaneswar,25-05-2022,28.2,11.4,18.5,26.9,11.4,18.4,8,55.7,0.2,100,8.33,rain,0,0,7.2,6.8,239.2,1009.3,15.4,20.1,354.6,30.6,10,10,25-05-2022 05:12,25-05-2022 19:01,0.82,Rain,Clear conditions throughout the day with early morning rain.,rain,"44404099999,remote,42147099999",0
Bhubaneswar,26-05-2022,30.7,12.2,20.8,29,12.2,20.5,9.5,51.3,0,0,0,,0,0,21.2,13,280.8,1006.6,32.7,20.1,291.8,25,10,10,26-05-2022 05:11,26-05-2022 19:01,0.85,Partially cloudy,Partly cloudy throughout the day.,partly-cloudy-day,"44404099999,remote,42147099999",0
Bhubaneswar,27-05-2022,31.3,15.7,20.4,29.7,15.7,20.3,11.7,60.1,0.4,100,12.5,rain,0,0,12.6,9.7,123.4,1004.7,35.1,20,206.9,17.9,10,10,27-05-2022 05:11,27-05-2022 19:02,0.89,"Rain, Partially cloudy",Partly cloudy throughout the day with rain.,rain,"44404099999,remote,42147099999",0
Bhubaneswar,28-05-2022,31,15.2,21.2,29.7,15.2,21,13.2,63.6,0.4,100,16.67,rain,0,0,9.7,7.6,249.1,1003.8,40.6,19.9,241.8,21,10,10,28-05-2022 05:11,28-05-2022 19:03,0.92,"Rain, Partially cloudy",Partly cloudy throughout the day with rain.,rain,"44404099999,remote,42147099999",0
Bhubaneswar,29-05-2022,31.4,16.4,22.4,30.1,16.4,22.2,13.3,61,0.2,100,8.33,rain,0,0,13.7,10.4,27.5,1004.1,52.7,19.9,265.3,22.7,10,10,29-05-2022 05:10,29-05-2022 19:03,0.96,"Rain, Partially cloudy",Partly cloudy throughout the day with rain.,rain,"44404099999,remote,42147099999",0
Bhubaneswar,30-05-2022,33.6,16.7,23.6,31.1,16.7,23,9.4,47,0,0,0,,0,0,19.1,8.3,294.4,1004.3,22.4,20,335.8,29.1,10,10,30-05-2022 05:10,30-05-2022 19:04,0,Partially cloudy,Becoming cloudy in the afternoon.,partly-cloudy-day,"44404099999,remote,42147099999",0
Bhubaneswar,31-05-2022,34.7,16.5,23.8,32,16.5,23.1,4.3,32.8,0,0,0,,0,0,12.2,8.6,290.6,1004,9.8,19.9,362.2,31.3,10,10,31-05-2022 05:10,31-05-2022 19:04,0.03,Clear,Clear conditions throughout the day.,clear-day,"44404099999,remote,42147099999",0
Bhubaneswar,01-06-2022,34.2,16.9,24.3,31.6,16.9,23.6,3.3,28.8,0,0,0,,0,0,15.5,13.7,274.9,1004.1,3,20.7,361.5,31.3,10,10,01-06-2022 05:09,01-06-2022 19:05,0.06,Clear,Clear conditions throughout the day.,clear-day,"44404099999,remote,42147099999",0
Bhubaneswar,02-06-2022,35.6,16.3,24.6,32.8,16.3,23.7,0.8,25.5,0,0,0,,0,0,29.9,23,271.1,1004,3.4,20.1,365.9,31.4,10,10,02-06-2022 05:09,02-06-2022 19:05,0.09,Clear,Clear conditions throughout the day.,clear-day,"44404099999,remote,42147099999",0
Bhubaneswar,03-06-2022,35.2,16.4,24.6,32.4,16.4,23.8,-0.2,23.3,0,0,0,,0,0,12.2,11.2,302.4,1003.2,3.2,20.1,366.8,31.4,10,10,03-06-2022 05:09,03-06-2022 19:06,0.13,Clear,Clear conditions throughout the day.,clear-day,"44404099999,remote,42147099999",0
Bhubaneswar,04-06-2022,37,16.5,24.9,33.9,16.5,24,-0.6,22.4,0,0,0,,0,0,9,11.5,302.1,1004,3.3,20.1,368.4,31.7,10,10,04-06-2022 05:09,04-06-2022 19:06,0.16,Clear,Clear conditions throughout the day.,clear-day,"44404099999,remote,42147099999",0
Bhubaneswar,05-06-2022,35.9,17.1,25.4,33.1,17.1,24.5,0,22.1,0,0,0,,0,0,28.8,20.5,274.5,1004.3,2.3,19.9,365.6,31.4,10,10,05-06-2022 05:09,05-06-2022 19:07,0.19,Clear,Clear conditions throughout the day.,clear-day,"44404099999,remote,42147099999",0
Bhubaneswar,06-06-2022,36.2,16.6,25.5,33.3,16.6,24.5,1.7,24,0,0,0,,0,0,10.8,10.4,271.1,1003.9,6.1,20,365.6,31.4,10,10,06-06-2022 05:09,06-06-2022 19:07,0.23,Clear,Clear conditions throughout the day.,clear-day,"44404099999,remote,42147099999",0
Bhubaneswar,07-06-2022,37.1,17.5,25.5,34.3,17.5,24.6,3.4,26.4,0,0,0,,0,0,15.1,11.9,292.9,1003,2.9,20.7,361.5,31.3,10,10,07-06-2022 05:08,07-06-2022 19:08,0.25,Clear,Clear conditions throughout the day.,clear-day,"44404099999,remote,42147099999",0
Bhubaneswar,08-06-2022,36.8,17.7,25.9,33.9,17.7,25.1,4.9,30.2,0,0,0,,0,0,31,23,267.5,1002.1,12.7,20,361.4,31.3,10,10,08-06-2022 05:08,08-06-2022 19:08,0.29,Clear,Clear conditions throughout the day.,clear-day,"44404099999,remote,42147099999",0
Bhubaneswar,09-06-2022,37.9,18,26,35.1,18,25.1,6.1,31.9,0,0,0,,0,0,20.9,14.4,239,1001.8,25.3,20,346.8,30.2,10,10,09-06-2022 05:08,09-06-2022 19:09,0.33,Partially cloudy,Partly cloudy throughout the day.,partly-cloudy-day,"44404099999,remote,42147099999",0
Bhubaneswar,10-06-2022,36.2,17.9,24.9,33.6,17.9,24.2,7.4,35.7,0,0,0,,0,0,19.1,9.4,345.9,1002.5,27.2,19.9,253.1,22.1,10,10,10-06-2022 05:08,10-06-2022 19:09,0.36,Partially cloudy,Becoming cloudy in the afternoon.,partly-cloudy-day,"44404099999,remote,42147099999",0
Bhubaneswar,11-06-2022,37.4,16.1,25.3,34.7,16.1,24.5,7.3,36.6,0,0,0,,0,0,19.4,21.2,290.5,1002.3,21,19.9,328.8,28.5,10,10,11-06-2022 05:08,11-06-2022 19:09,0.39,Partially cloudy,Becoming cloudy in the afternoon.,partly-cloudy-day,"44404099999,remote,42147099999",0
Bhubaneswar,12-06-2022,38.3,16.9,25,35.7,16.9,24.4,8.3,38.1,0,0,0,,0,0,15.8,14,328.1,1003.6,27,20,261.2,22.6,10,10,12-06-2022 05:08,12-06-2022 19:10,0.43,Partially cloudy,Becoming cloudy in the afternoon.,partly-cloudy-day,"44404099999,remote,42147099999",0
Bhubaneswar,13-06-2022,37.3,17.9,26.2,34.7,17.9,25.4,8.1,36.5,0,0,0,,0,0,26.3,24.8,258.4,1004.4,19.2,19.9,347.8,30.1,10,10,13-06-2022 05:08,13-06-2022 19:10,0.46,Clear,Clear conditions throughout the day.,clear-day,"44404099999,remote,42147099999",0
Bhubaneswar,14-06-2022,38,18.4,26.7,35.3,18.4,26,7.9,35.1,0,0,0,,0,0,22,13.7,256.8,1002.7,21.2,20,334.6,29,10,10,14-06-2022 05:08,14-06-2022 19:11,0.5,Partially cloudy,Partly cloudy throughout the day.,partly-cloudy-day,"44404099999,remote,42147099999",0
Bhubaneswar,15-06-2022,37.9,19,26.7,35.2,19,26,8.5,36,0,0,0,,0,0,22,21.2,246.5,1001.6,19.8,19.9,356.8,31,10,10,15-06-2022 05:08,15-06-2022 19:11,0.53,Clear,Clear conditions throughout the day.,clear-day,"44404099999,remote,42147099999",0
Bhubaneswar,16-06-2022,34.5,17.7,23,32.9,17.7,22.9,14,59.4,3.1,100,50,rain,0,0,17.3,7.9,67.4,1004.5,50.8,19.7,218.5,18.9,10,10,16-06-2022 05:09,16-06-2022 19:11,0.56,"Rain, Partially cloudy",Partly cloudy throughout the day with a chance of rain throughout the day.,rain,"44404099999,remote,42147099999",0
Bhubaneswar,17-06-2022,33.6,16.7,20.9,32.3,16.7,20.7,15.1,73.2,2.5,100,29.17,rain,0,0,22,9.4,338.6,1004.8,35,19.3,229.6,19.9,10,10,17-06-2022 05:09,17-06-2022 19:11,0.59,"Rain, Partially cloudy",Partly cloudy throughout the day with rain.,rain,"44404099999,remote,42147099999",0
Bhubaneswar,18-06-2022,32.5,15.7,20.3,31.1,15.7,20.1,14.1,71.1,1.7,100,20.83,rain,0,0,14.8,11.9,300,1006,53.4,19.9,217.9,18.8,9,10,18-06-2022 05:09,18-06-2022 19:12,0.63,"Rain, Partially cloudy",Partly cloudy throughout the day with afternoon rain.,rain,"44404099999,remote,42147099999",0
Bhubaneswar,19-06-2022,31.8,15.7,21.7,30,15.7,21.4,11.6,56.3,0.1,100,4.17,rain,0,0,20.5,23.8,240.2,1004.2,80.9,20,247.5,21.3,10,10,19-06-2022 05:09,19-06-2022 19:12,0.66,"Rain, Partially cloudy",Partly cloudy throughout the day with afternoon rain.,rain,"44404099999,remote,42147099999",0
Bhubaneswar,20-06-2022,26.7,13.6,19.5,26.7,13.6,19.5,12.6,66.9,1.1,100,29.17,rain,0,0,7.9,9.4,40.7,1004.2,68.9,19.4,189.6,16.5,8,10,20-06-2022 05:09,20-06-2022 19:12,0.7,"Rain, Partially cloudy",Partly cloudy throughout the day with a chance of rain throughout the day.,rain,"44404099999,remote,42147099999",0
Bhubaneswar,21-06-2022,30.3,15,21,29.2,15,20.8,12.2,60.9,0.2,100,8.33,rain,0,0,13.3,15.5,228.1,1003,42.4,19.9,301.3,26,10,10,21-06-2022 05:09,21-06-2022 19:12,0.75,"Rain, Partially cloudy",Partly cloudy throughout the day with rain.,rain,"44404099999,remote,42147099999",0
Bhubaneswar,22-06-2022,33.9,15.4,23.7,32,15.4,23.3,13,56,0.1,100,4.17,rain,0,0,17.6,12.6,201.5,1005.8,13.3,20,353.9,30.6,10,10,22-06-2022 05:10,22-06-2022 19:13,0.77,Rain,Clear conditions throughout the day with early morning rain.,rain,"44404099999,remote,42147099999",0
Bhubaneswar,23-06-2022,35.6,18.7,24.3,34.3,18.7,24.1,16,63.9,2.5,100,25,rain,0,0,19.8,20.9,179.4,1006.4,25.7,18.8,325.1,28.3,10,10,23-06-2022 05:10,23-06-2022 19:13,0.8,"Rain, Partially cloudy",Partly cloudy throughout the day with rain.,rain,"44404099999,remote,42147099999",0
Bhubaneswar,24-06-2022,34.5,18.4,23.9,34,18.4,23.8,16.5,66.5,5.8,100,33.33,rain,0,0,15.8,15.1,153.9,1004.8,53.6,18.1,229.8,19.9,10,10,24-06-2022 05:10,24-06-2022 19:13,0.83,"Rain, Partially cloudy",Partly cloudy throughout the day with a chance of rain throughout the day.,rain,"44404099999,remote,42147099999",0
Bhubaneswar,25-06-2022,34.1,19.1,25.1,33,19.1,25,15.7,59.2,0.3,100,8.33,rain,0,0,15.8,14.8,185.9,1002.8,58.4,19.8,286.4,24.8,10,10,25-06-2022 05:10,25-06-2022 19:13,0.87,"Rain, Partially cloudy",Partly cloudy throughout the day with late afternoon rain.,rain,"44404099999,remote,42147099999",0
Bhubaneswar,26-06-2022,31.3,17.9,24.2,31.4,17.9,24.2,18,70.3,6.2,100,54.17,rain,0,0,7.6,10.4,191.7,1004.5,80.9,17.2,207.4,17.9,9,10,26-06-2022 05:11,26-06-2022 19:13,0.9,"Rain, Partially cloudy",Partly cloudy throughout the day with rain.,rain,"44404099999,remote,42147099999",0
Bhubaneswar,27-06-2022,27.7,17.9,23,29.3,17.9,23.1,19.5,81.5,19,100,83.33,rain,0,0,6.1,6.5,159.6,1006,66.1,9.9,291.6,25.2,9,30,27-06-2022 05:11,27-06-2022 19:13,0.94,"Rain, Partially cloudy",Partly cloudy throughout the day with a chance of rain throughout the day.,rain,"44404099999,remote,42147099999",0
Bhubaneswar,28-06-2022,28.4,18.7,23.2,30.5,18.7,23.5,20,82.7,20.4,100,83.33,rain,0,0,5.8,5.4,174.4,1003,72.3,11.1,304.3,26.5,10,30,28-06-2022 05:11,28-06-2022 19:13,0.97,"Rain, Partially cloudy",Partly cloudy throughout the day with a chance of rain throughout the day.,rain,"44404099999,remote,42147099999",0
Bhubaneswar,29-06-2022,31.3,17.2,22.3,32.6,17.2,22.4,19.6,86.3,18.9,100,83.33,rain,0,0,10.4,7.2,188.7,1000.7,62.2,11.2,218.6,18.9,9,30,29-06-2022 05:12,29-06-2022 19:14,0,"Rain, Partially cloudy",Partly cloudy throughout the day with a chance of rain throughout the day.,rain,"44404099999,remote,42147099999",0
Bhubaneswar,30-06-2022,24.8,15.9,20.4,24.8,15.9,20.4,18.1,87.8,14.4,100,45.83,rain,0,0,9.4,6.5,143.5,1003.3,96.2,16.2,110.6,9.6,4,10,30-06-2022 05:12,30-06-2022 19:14,0.04,"Rain, Overcast",Cloudy skies throughout the day with a chance of rain throughout the day.,rain,"remote,42147099999",0
Bhubaneswar,01-07-2022,31.2,16.1,22.3,31.5,16.1,22.4,17.7,78.1,2.7,100,29.17,rain,0,0,10.8,12.2,188,1002.5,76,18.6,261.1,22.4,10,30,2022-07-01T05:12:51,2022-07-01T19:14:04,0.07,"Rain, Partially cloudy",Partly cloudy throughout the day with rain.,rain,"remote,42147099999",0
Bhubaneswar,02-07-2022,28.4,18.9,22.3,29.8,18.9,22.4,19.5,85.3,23,100,83.33,rain,0,0,5.4,5.4,172.7,1002.1,87.4,10,230.3,20,9,30,2022-07-02T05:13:14,2022-07-02T19:14:03,0.11,"Rain, Partially cloudy",Partly cloudy throughout the day with a chance of rain throughout the day.,rain,"remote,42147099999",0
Bhubaneswar,03-07-2022,32.2,17.9,23.5,32.5,17.9,23.6,19.1,79,5.6,100,50,rain,0,0,11.2,9.7,174.6,1002.2,70.4,17.7,306.9,26.5,10,30,2022-07-03T05:13:38,2022-07-03T19:14:01,0.14,"Rain, Partially cloudy",Partly cloudy throughout the day with rain.,rain,"remote,42147099999",0
Bhubaneswar,04-07-2022,32.4,18.4,23.8,33.5,18.4,24,19.7,79.9,4.7,100,66.67,rain,0,0,11.5,10.8,210.6,1001.8,81.6,16.2,206.6,17.8,9,30,2022-07-04T05:14:03,2022-07-04T19:13:57,0.18,"Rain, Partially cloudy",Partly cloudy throughout the day with a chance of rain throughout the day.,rain,"44404099999,remote,42147099999",0
Bhubaneswar,05-07-2022,31.2,18.8,23.3,33.3,18.8,23.6,20.6,85.9,17.2,100,70.83,rain,0,0,12.2,11.2,184.4,1002.3,86.7,14.7,205.9,17.8,10,60,2022-07-05T05:14:29,2022-07-05T19:13:52,0.21,"Rain, Partially cloudy",Partly cloudy throughout the day with a chance of rain throughout the day.,rain,"44404099999,remote,42147099999",0
Bhubaneswar,06-07-2022,31.2,19.4,23.3,32.1,19.4,23.5,19.9,82.7,6.7,100,58.33,rain,0,0,8.6,7.9,148.4,1006.5,83.6,17.6,241.6,20.9,10,30,2022-07-06T05:14:55,2022-07-06T19:13:46,0.24,"Rain, Partially cloudy",Partly cloudy throughout the day with a chance of rain throughout the day.,rain,"44404099999,remote,42147099999",0
Bhubaneswar,07-07-2022,30.9,17.4,23.7,32,17.4,24,19.2,77.8,10.9,100,70.83,rain,0,0,7.2,6.6,236.6,1007.3,64,16.6,286.1,24.8,10,30,2022-07-07T05:15:22,2022-07-07T19:13:38,0.25,"Rain, Partially cloudy",Partly cloudy throughout the day with a chance of rain throughout the day.,rain,"44404099999,remote,42147099999",0
Bhubaneswar,08-07-2022,29.1,19.9,23.4,31.3,19.9,23.7,19.9,81.3,14.2,100,70.83,rain,0,0,8.3,7.2,216.1,1004.7,61.1,14.9,284.5,24.6,9,30,2022-07-08T05:15:50,2022-07-08T19:13:28,0.31,"Rain, Partially cloudy",Partly cloudy throughout the day with a chance of rain throughout the day.,rain,"44404099999,remote,42147099999",0
Bhubaneswar,09-07-2022,25.3,17.2,20,25.3,17.2,20,18.7,92.4,34,100,79.17,rain,0,0,16.2,10.8,102.8,1004.4,93.8,12.1,110.3,9.6,9,10,2022-07-09T05:16:18,2022-07-09T19:13:18,0.35,"Rain, Overcast",Cloudy skies throughout the day with a chance of rain throughout the day.,rain,"44404099999,remote,42147099999",0
Bhubaneswar,10-07-2022,28.6,17.8,21.2,29.2,17.8,21.3,17.9,83,5.8,100,37.5,rain,0,0,6.8,6.1,252.1,1005,77.3,17,224.6,19.5,10,10,2022-07-10T05:16:47,2022-07-10T19:13:05,0.38,"Rain, Partially cloudy",Partly cloudy throughout the day with a chance of rain throughout the day.,rain,"44404099999,remote,42147099999",0
Bhubaneswar,11-07-2022,32.3,18.7,23,32.6,18.7,23.1,18.4,77.8,3,100,45.83,rain,0,0,11.5,10.1,192.1,1004.5,78.4,18.7,240.9,20.9,10,10,2022-07-11T05:17:17,2022-07-11T19:12:52,0.41,"Rain, Partially cloudy",Partly cloudy throughout the day with a chance of rain throughout the day.,rain,"44404099999,remote,42147099999",0
Bhubaneswar,12-07-2022,31,17.6,22.9,31.8,17.6,23.1,19,80.5,14.1,100,79.17,rain,0,0,9,5.8,145.1,1003.8,64.6,12.6,282.8,24.4,10,10,2022-07-12T05:17:47,2022-07-12T19:12:37,0.45,"Rain, Partially cloudy",Partly cloudy throughout the day with a chance of rain throughout the day.,rain,"44404099999,remote,42147099999",0
Bhubaneswar,13-07-2022,30,18.5,23,30.6,18.5,23.2,18.9,80,5.1,100,54.17,rain,0,0,7.2,8.6,188.1,1001.9,66.7,17.4,278.3,24.1,9,30,2022-07-13T05:18:18,2022-07-13T19:12:20,0.48,"Rain, Partially cloudy",Partly cloudy throughout the day with a chance of rain throughout the day.,rain,"44404099999,remote,42147099999",0
Bhubaneswar,14-07-2022,30.9,16.7,22.9,31.2,16.7,23,18.3,77.8,9,100,41.67,rain,0,0,9.7,10.1,185.4,1002.8,83.1,16.8,268.8,23.3,10,10,2022-07-14T05:18:49,2022-07-14T19:12:02,0.5,"Rain, Partially cloudy",Partly cloudy throughout the day with a chance of rain throughout the day.,rain,"44404099999,remote,42147099999",0
Bhubaneswar,15-07-2022,32.6,17.2,23.8,32.6,17.2,23.9,17.5,71.1,2.3,100,20.83,rain,0,0,8.3,7.9,174,1004.3,46,19.7,333.3,28.9,10,30,2022-07-15T05:19:20,2022-07-15T19:11:43,0.55,"Rain, Partially cloudy",Partly cloudy throughout the day with rain.,rain,"44404099999,remote,42147099999",0
Bhubaneswar,16-07-2022,33.3,19,23.7,33.5,19,23.8,18.3,75,4.1,100,37.5,rain,0,0,11.9,8.6,212,1005,42.4,18.5,314,27,10,30,2022-07-16T05:19:53,2022-07-16T19:11:22,0.58,"Rain, Partially cloudy",Partly cloudy throughout the day with rain.,rain,"remote,42147099999",0
Bhubaneswar,17-07-2022,32.3,19.3,23.8,32.7,19.3,24,18.5,75.5,5.3,100,45.83,rain,0,0,9.7,8.3,200.2,1006.7,38.5,17.6,318.8,27.4,10,30,2022-07-17T05:20:25,2022-07-17T19:10:59,0.62,"Rain, Partially cloudy",Partly cloudy throughout the day with rain.,rain,"remote,42147099999",0
Bhubaneswar,18-07-2022,31.1,19.7,23.4,32.4,19.7,23.6,19.6,80.6,14,100,83.33,rain,0,0,7.2,6.4,214.4,1005.4,47.4,13.8,234,20.4,9,30,2022-07-18T05:20:58,2022-07-18T19:10:36,0.65,"Rain, Partially cloudy",Partly cloudy throughout the day with a chance of rain throughout the day.,rain,"44404099999,remote,42147099999",0
Bhubaneswar,19-07-2022,26.8,19,22.4,28.7,19,22.5,20.1,87.5,28.5,100,83.33,rain,0,0,6.8,5.8,207.1,1003.5,79.6,10,287.4,25,10,30,2022-07-19T05:21:31,2022-07-19T19:10:11,0.68,"Rain, Partially cloudy",Partly cloudy throughout the day with a chance of rain throughout the day.,rain,"44404099999,remote,42147099999",0
Bhubaneswar,20-07-2022,26.9,17.8,21.5,28.7,17.8,21.6,19.7,90,21.6,100,83.33,rain,0,0,6.8,5,177.8,1002.9,88.6,12.5,226.4,19.5,9,30,2022-07-20T05:22:05,2022-07-20T19:09:44,0.75,"Rain, Partially cloudy",Partly cloudy throughout the day with a chance of rain throughout the day.,rain,"44404099999,remote,42147099999",0
Bhubaneswar,21-07-2022,24.3,16.7,20.3,24.3,16.7,20.3,18.8,91.3,9,100,66.67,rain,0,0,5.8,4.7,153.8,1006,97.7,14.9,127.3,11,6,10,2022-07-21T05:22:38,2022-07-21T19:09:16,0.75,"Rain, Overcast",Cloudy skies throughout the day with a chance of rain throughout the day.,rain,"44404099999,remote,42147099999",0
Bhubaneswar,22-07-2022,29.4,17.6,21.5,30.5,17.6,21.7,18.8,85.9,5.5,100,50,rain,0,0,8.3,8.6,155.2,1007.2,82.1,15.5,253.4,22,10,30,2022-07-22T05:23:13,2022-07-22T19:08:47,0.78,"Rain, Partially cloudy",Partly cloudy throughout the day with rain.,rain,"44404099999,remote,42147099999",0
Bhubaneswar,23-07-2022,28.9,17,22,29.6,17,22.1,18.9,83.9,10.1,100,75,rain,0,0,10.8,9.7,156.1,1006.8,86.5,14.9,231,20.1,9,30,2022-07-23T05:23:47,2022-07-23T19:08:16,0.82,"Rain, Partially cloudy",Partly cloudy throughout the day with a chance of rain throughout the day.,rain,"44404099999,remote,42147099999",0
Bhubaneswar,24-07-2022,30.5,18.8,22.2,31.4,18.8,22.3,18.8,82.7,9.9,100,58.33,rain,0,0,10.8,10.8,175.4,1006.3,82.8,15.4,228.6,19.8,10,30,2022-07-24T05:24:21,2022-07-24T19:07:44,0.85,"Rain, Partially cloudy",Partly cloudy throughout the day with rain.,rain,"44404099999,remote,42147099999",0
Bhubaneswar,25-07-2022,26.2,16.7,21.3,26.2,16.7,21.3,18.3,84.1,5.4,100,62.5,rain,0,0,5.8,5.4,119.4,1008.9,70.8,17.6,185.2,15.8,7,10,2022-07-25T05:24:56,2022-07-25T19:07:10,0.88,"Rain, Partially cloudy",Partly cloudy throughout the day with rain.,rain,"44404099999,remote,42147099999",0
Bhubaneswar,26-07-2022,28.4,18.1,21.5,29.1,18.1,21.6,18.5,83.9,4.4,100,41.67,rain,0,0,9.4,9,167.3,1009.6,78.2,16.4,246.4,21.2,8,30,2022-07-26T05:25:31,2022-07-26T19:06:36,0.92,"Rain, Partially cloudy",Partly cloudy throughout the day with rain.,rain,"44404099999,remote,42147099999",0
Bhubaneswar,27-07-2022,24.5,17.5,20.7,24.5,17.5,20.7,19.1,90.8,9.8,100,66.67,rain,0,0,5,4,133.3,1009.4,91.3,14.5,181.5,15.5,7,10,2022-07-27T05:26:06,2022-07-27T19:06:00,0.95,"Rain, Overcast",Cloudy skies throughout the day with a chance of rain throughout the day.,rain,"44404099999,remote,42147099999",0
Bhubaneswar,28-07-2022,21.8,17.5,19.4,21.8,17.5,19.4,18.3,93.4,3.6,100,54.17,rain,0,0,5.8,4.3,186.8,1010,89.4,17.6,70,6,4,10,2022-07-28T05:26:41,2022-07-28T19:05:22,0,"Rain, Partially cloudy",Partly cloudy throughout the day with a chance of rain throughout the day.,rain,"44404099999,remote,42147099999",0
Bhubaneswar,29-07-2022,29.3,17.3,20.8,29.6,17.3,20.8,17.4,83.3,4.4,100,33.33,rain,0,0,8.6,8.6,224.7,1008.3,89.3,18,231.2,20,10,30,2022-07-29T05:27:16,2022-07-29T19:04:44,0.02,"Rain, Partially cloudy",Partly cloudy throughout the day with rain.,rain,"44404099999,remote,42147099999",0
Bhubaneswar,30-07-2022,23.3,16.4,19.5,23.3,16.4,19.5,18.6,94.4,11.3,100,75,rain,0,0,7.2,4,323.7,1007.4,96.5,15.8,88.7,7.6,4,10,2022-07-30T05:27:52,2022-07-30T19:04:04,0.05,"Rain, Overcast",Cloudy skies throughout the day with a chance of rain throughout the day.,rain,"remote,42147099999",0
Bhubaneswar,31-07-2022,24.5,16.7,19.7,24.5,16.7,19.7,18.5,93.1,5.2,100,41.67,rain,0,0,5,5.8,159.4,1004.6,90.6,18.1,117.3,10.2,7,10,2022-07-31T05:28:27,2022-07-31T19:03:22,0.09,"Rain, Overcast",Cloudy skies throughout the day with rain.,rain,"44404099999,remote,42147099999",0
Bhubaneswar,01-08-2022,27.4,18.1,20.7,28.5,18.1,20.7,18.8,89.6,10.5,100,62.5,rain,0,0,7.6,7.2,178.5,1004,74.1,15.9,217,18.9,9,30,2022-08-01T05:29:03,2022-08-01T19:02:40,0.12,"Rain, Partially cloudy",Partly cloudy throughout the day with a chance of rain throughout the day.,rain,"44404099999,remote,42147099999",0
Bhubaneswar,02-08-2022,27.9,18.3,21.3,29.4,18.3,21.4,19.2,89.1,13.3,100,62.5,rain,0,0,7.2,6.5,184.2,1003.8,59.6,14.7,304,26.1,10,30,2022-08-02T05:29:38,2022-08-02T19:01:56,0.16,"Rain, Partially cloudy",Partly cloudy throughout the day with a chance of rain throughout the day.,rain,"44404099999,remote,42147099999",0
Bhubaneswar,03-08-2022,27.1,17.6,21.5,28.7,17.6,21.7,19.6,89.5,16.4,100,83.33,rain,0,0,6.5,5.8,160.4,1005.8,85.7,11,267.1,23.1,9,30,2022-08-03T05:30:14,2022-08-03T19:01:11,0.19,"Rain, Partially cloudy",Partly cloudy throughout the day with a chance of rain throughout the day.,rain,"44404099999,remote,42147099999",0
Bhubaneswar,04-08-2022,25.2,17.3,20.9,25.2,17.3,20.9,19.4,91.1,18.2,100,83.33,rain,0,0,6.1,7.7,137.9,1006.8,89.4,9,214.9,18.7,9,30,2022-08-04T05:30:49,2022-08-04T19:00:25,0.23,"Rain, Partially cloudy",Partly cloudy throughout the day with a chance of rain throughout the day.,rain,"44404099999,remote,42147099999",0
Bhubaneswar,05-08-2022,29.9,17,22,31,17,22.2,19.2,86,9.7,100,79.17,rain,0,0,7.6,7.6,160.1,1005.2,73.7,15.2,280.4,24.1,10,30,2022-08-05T05:31:24,2022-08-05T18:59:38,0.25,"Rain, Partially cloudy",Partly cloudy throughout the day with a chance of rain throughout the day.,rain,"44404099999,remote,42147099999",0
Bhubaneswar,06-08-2022,29.2,17.4,21.3,30.6,17.4,21.5,19.1,88.3,14,100,75,rain,0,0,6.8,7.6,162.3,1003.5,77.4,11.5,209.9,18.2,10,30,2022-08-06T05:32:00,2022-08-06T18:58:49,0.3,"Rain, Partially cloudy",Partly cloudy throughout the day with a chance of rain throughout the day.,rain,"44404099999,remote,42147099999",0
Bhubaneswar,07-08-2022,21.5,16.8,19.6,21.5,16.8,19.6,18.6,93.9,8.5,100,58.33,rain,0,0,9.4,6.5,3.7,1004.8,96.7,14.3,46.3,4,2,10,2022-08-07T05:32:35,2022-08-07T18:58:00,0.33,"Rain, Overcast",Cloudy skies throughout the day with a chance of rain throughout the day.,rain,"44404099999,remote,42147099999",0
Bhubaneswar,08-08-2022,30.5,17.3,22.4,31.1,17.3,22.6,18,78.2,0.2,100,8.33,rain,0,0,7.6,6.5,156.7,1003.1,76.2,20.1,258.9,22.4,9,30,2022-08-08T05:33:10,2022-08-08T18:57:09,0.37,"Rain, Partially cloudy",Partly cloudy throughout the day with late afternoon rain.,rain,"44404099999,remote,42147099999",0
Bhubaneswar,09-08-2022,32.7,17.4,22.9,32.7,17.4,23,18.6,80.5,11.2,100,54.17,rain,0,0,12.2,8.6,163.1,1002.6,77.2,18.6,268.1,23.1,9,60,2022-08-09T05:33:45,2022-08-09T18:56:18,0.4,"Rain, Partially cloudy",Partly cloudy throughout the day with rain.,rain,"44404099999,remote,42147099999",0
Bhubaneswar,10-08-2022,28.8,18.7,22.3,30.7,18.7,22.5,20.2,88.6,15.4,100,54.17,rain,0,0,9,7.6,224.2,1001.8,91.7,14.7,187.3,16.2,8,30,2022-08-10T05:34:20,2022-08-10T18:55:25,0.44,"Rain, Overcast",Cloudy skies throughout the day with rain.,rain,"44404099999,remote,42147099999",0
Bhubaneswar,11-08-2022,28.3,15.9,21.2,28.6,15.9,21.2,18.1,84,11.1,100,37.5,rain,0,0,7.2,7.6,77.2,1004.9,93.7,15.5,158,13.5,8,10,2022-08-11T05:34:55,2022-08-11T18:54:31,0.47,"Rain, Overcast",Cloudy skies throughout the day with rain clearing later.,rain,"44404099999,remote,42147099999",0
Bhubaneswar,12-08-2022,30.7,17.1,22.3,31.3,17.1,22.4,17.9,78.5,1.8,100,29.17,rain,0,0,12.2,9.4,162.4,1003.5,14.6,19.1,320.7,27.7,10,60,2022-08-12T05:35:30,2022-08-12T18:53:36,0.5,Rain,Clear conditions throughout the day with rain.,rain,"44404099999,remote,42147099999",0
Bhubaneswar,13-08-2022,30.2,19.2,22.8,31.5,19.2,23,19.5,83.4,1.1,100,20.83,rain,0,0,9.7,10.8,151.3,1003.2,55.7,18.9,266.2,23.1,9,60,2022-08-13T05:36:05,2022-08-13T18:52:40,0.54,"Rain, Partially cloudy",Partly cloudy throughout the day with rain.,rain,"44404099999,remote,42147099999",0
Bhubaneswar,14-08-2022,27.8,16.6,21.3,29.5,16.6,21.5,19.2,88.4,14.2,100,75,rain,0,0,6.8,6.2,185.8,1005.8,76.9,13.5,258.9,22.3,9,30,2022-08-14T05:36:40,2022-08-14T18:51:44,0.57,"Rain, Partially cloudy",Partly cloudy throughout the day with a chance of rain throughout the day.,rain,"44404099999,remote,42147099999",1
Bhubaneswar,15-08-2022,23.4,16.3,19.4,23.4,16.3,19.4,17.5,89.6,3.8,100,41.67,rain,0,0,10.4,6.1,325.1,1008.6,86.3,17.9,93.4,8,4,10,2022-08-15T05:37:14,2022-08-15T18:50:46,0.6,"Rain, Partially cloudy",Partly cloudy throughout the day with a chance of rain throughout the day.,rain,"44404099999,remote,42147099999",1
Bhubaneswar,16-08-2022,29,16.9,21.2,29.9,16.9,21.4,18,83.9,2,100,16.67,rain,0,0,10.4,10.4,145.2,1007.3,27.1,19.5,313.3,27,10,60,2022-08-16T05:37:49,2022-08-16T18:49:47,0.64,"Rain, Partially cloudy",Partly cloudy throughout the day with rain.,rain,"44404099999,remote,42147099999",1
Bhubaneswar,17-08-2022,27.9,17.6,21.4,29.2,17.6,21.5,18.9,86.5,4.6,100,37.5,rain,0,0,7.2,6.5,177.4,1006.6,59.1,16.4,272.8,23.5,9,30,2022-08-17T05:38:23,2022-08-17T18:48:48,0.67,"Rain, Partially cloudy",Partly cloudy throughout the day with rain.,rain,"44404099999,remote,42147099999",1
Bhubaneswar,18-08-2022,29.9,17.2,22.2,31,17.2,22.3,19,83.6,1.9,100,41.67,rain,0,0,8.3,6.5,202.9,1004.3,64.8,19.4,208.5,18,9,30,2022-08-18T05:38:57,2022-08-18T18:47:47,0.7,"Rain, Partially cloudy",Partly cloudy throughout the day with a chance of rain throughout the day.,rain,"44404099999,remote,42147099999",1
Bhubaneswar,19-08-2022,29,18.2,21.6,30.4,18.2,21.7,19.3,88,25.7,100,54.17,rain,0,0,7.6,6.5,166.3,1004,72.1,12.4,254.5,22.2,9,30,2022-08-19T05:39:31,2022-08-19T18:46:46,0.75,"Rain, Partially cloudy",Partly cloudy throughout the day with a chance of rain throughout the day.,rain,"44404099999,remote,42147099999",1
Bhubaneswar,20-08-2022,28.3,17.4,20.9,29,17.4,21,18.3,87.2,27.3,100,50,rain,0,0,10.4,6.2,155.1,1006.4,75.5,14.8,223.4,19.2,9,30,2022-08-20T05:40:05,2022-08-20T18:45:44,0.77,"Rain, Partially cloudy",Partly cloudy throughout the day with a chance of rain throughout the day.,rain,"44404099999,remote,42147099999",1
Bhubaneswar,21-08-2022,29,17.4,21.8,29.5,17.4,21.9,17.8,79.9,5.9,100,20.83,rain,0,0,6.5,6.1,220,1004.3,68.3,18.5,281.8,24.6,9,30,2022-08-21T05:40:38,2022-08-21T18:44:41,0.8,"Rain, Partially cloudy",Partly cloudy throughout the day with late afternoon rain.,rain,"44404099999,remote,42147099999",1
Bhubaneswar,22-08-2022,29.2,18.4,21.7,30.7,18.4,21.9,19.2,86.9,10.7,100,62.5,rain,0,0,7.6,7.2,179.8,1003.6,72.9,17.1,226.7,19.6,8,60,2022-08-22T05:41:12,2022-08-22T18:43:38,0.83,"Rain, Partially cloudy",Partly cloudy throughout the day with a chance of rain throughout the day.,rain,"44404099999,remote,42147099999",1
Bhubaneswar,23-08-2022,27.9,18.8,21.8,29.4,18.8,22,19.2,86.8,6.5,100,54.17,rain,0,0,6.5,6.9,131.6,1006.5,53,17.4,258.8,22.5,9,60,2022-08-23T05:41:45,2022-08-23T18:42:33,0.87,"Rain, Partially cloudy",Partly cloudy throughout the day with a chance of rain throughout the day.,rain,"44404099999,remote,42147099999",1
Bhubaneswar,24-08-2022,28.1,17.1,21.2,29,17.1,21.3,18.7,86.9,4.7,100,50,rain,0,0,7.2,7.6,154,1009.4,74.8,15.8,218.2,18.9,8,30,2022-08-24T05:42:18,2022-08-24T18:41:28,0.9,"Rain, Partially cloudy",Partly cloudy throughout the day with a chance of rain throughout the day.,rain,"44404099999,remote,42147099999",1
Bhubaneswar,25-08-2022,29.2,18.1,21.8,30.5,18.1,22,18.9,84.8,3.9,100,33.33,rain,0,0,9,7.9,181.6,1007.4,64.9,19.3,252.1,21.7,9,60,2022-08-25T05:42:51,2022-08-25T18:40:23,0.93,"Rain, Partially cloudy",Partly cloudy throughout the day with rain.,rain,"44404099999,remote,42147099999",1
Bhubaneswar,26-08-2022,28.2,18.4,22.2,30.1,18.4,22.4,19.6,86.5,10,100,75,rain,0,0,5.4,7.6,207.9,1005.6,45.2,17.8,285.4,24.8,9,60,2022-08-26T05:43:24,2022-08-26T18:39:16,0.96,"Rain, Partially cloudy",Partly cloudy throughout the day with a chance of rain throughout the day.,rain,"44404099999,remote,42147099999",1
Bhubaneswar,27-08-2022,29.7,18.7,22.3,31.1,18.7,22.5,19.5,85.3,4.4,100,54.17,rain,0,0,9.4,7.6,128.6,1004.6,52,17.1,226.8,19.6,9,30,2022-08-27T05:43:57,2022-08-27T18:38:09,0,"Rain, Partially cloudy",Partly cloudy throughout the day with a chance of rain throughout the day.,rain,"44404099999,remote,42147099999",1
Bhubaneswar,28-08-2022,27.2,17.8,21.1,28.9,17.8,21.3,19.2,89.3,22.6,100,75,rain,0,0,6.8,7.6,209.5,1005.9,59.1,11.7,294,25.2,9,30,2022-08-28T05:44:30,2022-08-28T18:37:02,0.03,"Rain, Partially cloudy",Partly cloudy throughout the day with a chance of rain throughout the day.,rain,"44404099999,remote,42147099999",1
Bhubaneswar,29-08-2022,25.2,16.9,20.3,25.2,16.9,20.3,18.5,90.1,14.3,100,83.33,rain,0,0,6.1,9.4,155.6,1010.5,84.3,12.7,198.3,17.1,7,10,2022-08-29T05:45:02,2022-08-29T18:35:53,0.07,"Rain, Partially cloudy",Partly cloudy throughout the day with a chance of rain throughout the day.,rain,"44404099999,remote,42147099999",1
Bhubaneswar,30-08-2022,26.9,17.2,21,28.1,17.2,21.1,18.9,88.4,11.8,100,66.67,rain,0,0,5.4,7.6,229.6,1010.7,40.9,12.7,292.3,25.4,9,30,2022-08-30T05:45:35,2022-08-30T18:34:44,0.1,"Rain, Partially cloudy",Partly cloudy throughout the day with a chance of rain throughout the day.,rain,"44404099999,remote,42147099999",1
Bhubaneswar,31-08-2022,26.8,17.6,21.1,28.3,17.6,21.2,18.9,88.2,8.3,100,54.17,rain,0,0,6.5,7.6,244.3,1008.6,48.6,16.6,270.6,23.5,9,30,2022-08-31T05:46:07,2022-08-31T18:33:35,0.14,"Rain, Partially cloudy",Partly cloudy throughout the day with a chance of rain throughout the day.,rain,"44404099999,remote,42147099999",1
Bhubaneswar,01-09-2022,28.1,18.1,21.3,29.4,18.1,21.5,18.7,86.3,9.1,100,75,rain,0,0,8.3,7.6,133.6,1008.3,60,16.5,276.5,24,9,30,2022-09-01T05:46:39,2022-09-01T18:32:25,0.18,"Rain, Partially cloudy",Partly cloudy throughout the day with a chance of rain throughout the day.,rain,"44404099999,remote,42147099999",1
Bhubaneswar,02-09-2022,28.3,17,20.6,29.4,17,20.7,18.4,88,8,100,50,rain,0,0,6.8,7.6,225.2,1009.6,53,16.6,285.3,24.7,9,30,2022-09-02T05:47:11,2022-09-02T18:31:15,0.21,"Rain, Partially cloudy",Partly cloudy throughout the day with a chance of rain throughout the day.,rain,"44404099999,remote,42147099999",1
Bhubaneswar,03-09-2022,29.3,17.3,21.1,29.1,17.3,21.1,17.5,82.6,1.3,100,41.67,rain,0,0,7.6,6.1,187.2,1006.4,40.2,19.5,233.2,20.2,10,10,2022-09-03T05:47:43,2022-09-03T18:30:04,0.25,"Rain, Partially cloudy",Partly cloudy throughout the day with a chance of rain throughout the day.,rain,"44404099999,remote,42147099999",1
Bhubaneswar,04-09-2022,25,17,19.8,25,17,19.8,17.6,87.5,12.7,100,66.67,rain,0,0,5.8,8.9,310.6,1006.4,52.5,15,244.8,21.3,9,10,2022-09-04T05:48:15,2022-09-04T18:28:53,0.28,"Rain, Partially cloudy",Partly cloudy throughout the day with a chance of rain throughout the day.,rain,"44404099999,remote,42147099999",1
Bhubaneswar,05-09-2022,27.8,16.9,20.4,27.8,16.9,20.5,16.7,81,2.7,100,37.5,rain,0,0,8.3,6.8,148.4,1008,72.5,18.5,231.7,19.9,9,10,2022-09-05T05:48:47,2022-09-05T18:27:41,0.32,"Rain, Partially cloudy",Partly cloudy throughout the day with rain.,rain,"44404099999,remote,42147099999",1
Bhubaneswar,06-09-2022,28.5,15.6,20.7,28.6,15.6,20.7,16.4,78.6,0.1,100,4.17,rain,0,0,6.5,7.6,136.4,1009.1,13.7,19.7,295.5,25.5,9,30,2022-09-06T05:49:19,2022-09-06T18:26:29,0.35,Rain,Clear conditions throughout the day with late afternoon rain.,rain,"44404099999,remote,42147099999",1
Bhubaneswar,07-09-2022,29.3,16.1,21.2,29.6,16.1,21.2,16.8,78.4,0,0,0,,0,0,5.8,7.2,139.7,1010.6,15,20,292,25.4,9,30,2022-09-07T05:49:51,2022-09-07T18:25:17,0.39,Clear,Clear conditions throughout the day.,clear-day,"44404099999,remote,42147099999",0
Bhubaneswar,08-09-2022,27.3,17.3,20.8,28.5,17.3,20.8,18.3,86.4,7.4,100,54.17,rain,0,0,5.8,5,152.7,1011.8,37.9,15.4,267.8,23.1,9,30,2022-09-08T05:50:22,2022-09-08T18:24:04,0.42,"Rain, Partially cloudy",Partly cloudy throughout the day with a chance of rain throughout the day.,rain,"44404099999,remote,42147099999",0
Bhubaneswar,09-09-2022,27.7,17.4,20.6,28.8,17.4,20.7,18,86.5,6.3,100,66.67,rain,0,0,5.8,6.4,173.9,1011.8,40.9,17.1,237.5,20.5,9,30,2022-09-09T05:50:54,2022-09-09T18:22:51,0.46,"Rain, Partially cloudy",Partly cloudy throughout the day with a chance of rain throughout the day.,rain,"44404099999,remote,42147099999",0
Bhubaneswar,10-09-2022,28.6,17.4,20.7,29.2,17.4,20.8,17.9,85.9,9.9,100,75,rain,0,0,8.6,7.9,132.1,1010.2,42.9,15.5,242.2,20.8,9,30,2022-09-10T05:51:25,2022-09-10T18:21:38,0.5,"Rain, Partially cloudy",Partly cloudy throughout the day with a chance of rain throughout the day.,rain,"44404099999,remote,42147099999",0
Bhubaneswar,11-09-2022,25.9,16.9,19.8,25.9,16.9,19.8,17.5,87.6,15.5,100,70.83,rain,0,0,6.1,7.6,318.9,1009,57.4,13.4,176.9,15.1,8,10,2022-09-11T05:51:57,2022-09-11T18:20:25,0.53,"Rain, Partially cloudy",Partly cloudy throughout the day with a chance of rain throughout the day.,rain,"44404099999,remote,42147099999",0
Bhubaneswar,12-09-2022,28.3,16,20.2,28.8,16,20.3,16.9,82.8,4.3,100,45.83,rain,0,0,7.9,6.8,259.7,1006.5,29.2,16.7,243.8,21.1,9,30,2022-09-12T05:52:28,2022-09-12T18:19:11,0.56,"Rain, Partially cloudy",Partly cloudy throughout the day with rain.,rain,"44404099999,remote,42147099999",0
Bhubaneswar,13-09-2022,28.4,16,20,28.9,16,20.1,17.4,86.4,8.8,100,54.17,rain,0,0,7.6,7.9,195.3,1007.3,45,15.4,234.2,20.2,9,30,2022-09-13T05:53:00,2022-09-13T18:17:57,0.59,"Rain, Partially cloudy",Partly cloudy throughout the day with a chance of rain throughout the day.,rain,"44404099999,remote,42147099999",0
Bhubaneswar,14-09-2022,22.2,17.2,19,22.2,17.2,19,18.2,94.8,9.6,100,75,rain,0,0,5,6.6,97.4,1008.8,96.7,16.7,64.5,5.6,3,10,2022-09-14T05:53:31,2022-09-14T18:16:43,0.62,"Rain, Overcast",Cloudy skies throughout the day with a chance of rain throughout the day.,rain,"44404099999,remote,42147099999",0
Bhubaneswar,15-09-2022,18.8,14.9,17.5,18.8,14.9,17.5,17.1,97.6,8.7,100,62.5,rain,0,0,6.8,14.4,28.2,1007.1,100,15.9,21,1.9,1,10,2022-09-15T05:54:03,2022-09-15T18:15:29,0.66,"Rain, Overcast",Cloudy skies throughout the day with a chance of rain throughout the day.,rain,"44404099999,remote,42147099999",0
Bhubaneswar,16-09-2022,20.7,15.4,17.2,20.7,15.4,17.2,16.4,95.3,12.3,100,54.17,rain,0,0,10.4,10.4,75.2,1003.5,99.5,15.9,72,6.2,4,10,2022-09-16T05:54:34,2022-09-16T18:14:14,0.69,"Rain, Overcast",Cloudy skies throughout the day with rain.,rain,"44404099999,remote,42147099999",0
Bhubaneswar,17-09-2022,26.2,13.7,18.6,26.2,13.7,18.6,16.7,89.9,9.5,100,58.33,rain,0,0,7.9,10.8,119.6,1005.3,59.6,14,217.5,18.8,9,30,2022-09-17T05:55:06,2022-09-17T18:13:00,0.72,"Rain, Partially cloudy",Partly cloudy throughout the day with a chance of rain throughout the day.,rain,"44404099999,remote,42147099999",0
Bhubaneswar,18-09-2022,27.1,15.2,19.2,27.7,15.2,19.3,16.6,86.5,3.2,100,33.33,rain,0,0,9.4,8.3,160.4,1008.1,47.5,18.8,253.3,21.8,9,30,2022-09-18T05:55:38,2022-09-18T18:11:46,0.75,"Rain, Partially cloudy",Partly cloudy throughout the day with rain.,rain,"44404099999,remote,42147099999",0
Bhubaneswar,19-09-2022,25.8,16.8,19.6,25.8,16.8,19.6,17.3,87.4,4.8,100,45.83,rain,0,0,6.8,6.8,257.1,1008.9,53.6,18.8,212.2,18.4,9,30,2022-09-19T05:56:09,2022-09-19T18:10:31,0.79,"Rain, Partially cloudy",Partly cloudy throughout the day with rain.,rain,"44404099999,remote,42147099999",0
Bhubaneswar,20-09-2022,28.1,15.7,20.1,28.6,15.7,20.2,16.6,82.2,3.4,100,29.17,rain,0,0,8.6,7.6,162.4,1008.8,28.9,19.4,266.5,23.1,9,30,2022-09-20T05:56:41,2022-09-20T18:09:17,0.82,"Rain, Partially cloudy",Partly cloudy throughout the day with rain.,rain,"44404099999,remote,42147099999",0
Bhubaneswar,21-09-2022,28,16.9,20.7,28.7,16.9,20.8,17.5,83.7,3.4,100,41.67,rain,0,0,7.2,9.3,147.3,1008.3,91.7,19.3,234.5,20.2,8,60,2022-09-21T05:57:13,2022-09-21T18:08:02,0.85,"Rain, Overcast",Cloudy skies throughout the day with rain.,rain,"44404099999,remote,42147099999",0
Bhubaneswar,22-09-2022,25.7,16.7,19.9,25.7,16.7,19.9,17,84.5,6.7,100,58.33,rain,0,0,7.6,6.8,249.4,1008.4,92.2,17.4,194.9,16.7,7,10,2022-09-22T05:57:45,2022-09-22T18:06:48,0.88,"Rain, Overcast",Cloudy skies throughout the day with a chance of rain throughout the day.,rain,"44404099999,remote,42147099999",0
Bhubaneswar,23-09-2022,26.3,16.5,20,26.3,16.5,20,17,84,4.2,100,50,rain,0,0,4.7,6.2,154.4,1008.3,92.4,18.7,215.5,18.4,8,30,2022-09-23T05:58:17,2022-09-23T18:05:33,0.91,"Rain, Overcast",Cloudy skies throughout the day with rain.,rain,"44404099999,remote,42147099999",0
Bhubaneswar,24-09-2022,20.7,14.8,17.7,20.7,14.8,17.7,16.5,92.9,9.2,100,50,rain,0,0,7.6,7.6,54.7,1008.5,97.7,16,67.7,5.8,4,10,2022-09-24T05:58:50,2022-09-24T18:04:19,0.95,"Rain, Overcast",Cloudy skies throughout the day with a chance of rain throughout the day.,rain,"44404099999,remote,42147099999",0
Bhubaneswar,25-09-2022,18.3,13.9,16.2,18.3,13.9,16.2,15.6,96.3,25.2,100,54.17,rain,0,0,6.5,18,93.6,1010.3,77.1,14.1,39.1,3.5,2,10,2022-09-25T05:59:22,2022-09-25T18:03:05,0.98,"Rain, Partially cloudy",Partly cloudy throughout the day with a chance of rain throughout the day.,rain,"44404099999,remote,42147099999",0
Bhubaneswar,26-09-2022,25.7,13.6,18.1,25.7,13.6,18.1,15,84,1.1,100,25,rain,0,0,7.2,5.8,172.2,1011,27,20.1,262.3,22.7,9,10,2022-09-26T05:59:54,2022-09-26T18:01:51,0,"Rain, Partially cloudy",Partly cloudy throughout the day with rain.,rain,"44404099999,remote,42147099999",0
Bhubaneswar,27-09-2022,26,13.7,18.5,26,13.7,18.5,15.2,83.1,2.2,100,37.5,rain,0,0,8.3,7.9,130.4,1009.5,12.9,19.6,258.3,22.5,9,10,2022-09-27T06:00:27,2022-09-27T18:00:37,0.05,Rain,Clear conditions throughout the day with rain.,rain,"44404099999,remote,42147099999",0
Bhubaneswar,28-09-2022,26.1,13.6,18.2,26.1,13.6,18.2,14,78.6,1.5,100,29.17,rain,0,0,7.9,9.4,97.8,1009,5.6,19.2,264.6,23,9,10,2022-09-28T06:01:00,2022-09-28T17:59:24,0.08,Rain,Clear conditions throughout the day with rain.,rain,"44404099999,remote,42147099999",0
Bhubaneswar,29-09-2022,25.9,13.7,18.2,25.9,13.7,18.2,14,78.8,0.9,100,25,rain,0,0,6.5,6.8,110.5,1008.9,11.7,20.6,260.2,22.3,9,10,2022-09-29T06:01:33,2022-09-29T17:58:10,0.12,Rain,Clear conditions throughout the day with rain.,rain,"remote,42147099999",0
Bhubaneswar,30-09-2022,26.5,13.6,18.6,26.5,13.6,18.6,14,76.2,0.1,100,4.17,rain,0,0,7.9,6.5,46.2,1009.3,6,20.6,259.2,22.1,9,30,2022-09-30T06:02:07,2022-09-30T17:56:57,0.16,Rain,Clear conditions throughout the day with late afternoon rain.,rain,"remote,42147099999",0
Bhubaneswar,01-10-2022,26.8,13.1,18,27.1,13.1,18,14.1,80.2,6.3,100,41.67,rain,0,0,6.5,14.4,80.4,1008.6,28.6,18.7,255.5,21.9,9,30,2022-10-01T06:02:40,2022-10-01T17:55:45,0.19,"Rain, Partially cloudy",Partly cloudy throughout the day with rain.,rain,"44404099999,remote,42147099999",0
Bhubaneswar,02-10-2022,27.2,14,18.8,27.2,14,18.8,14.5,78.7,1.3,100,29.17,rain,0,0,8.3,7.6,22.9,1008.7,24,19.3,252.6,21.7,9,30,2022-10-02T06:03:14,2022-10-02T17:54:32,0.23,"Rain, Partially cloudy",Partly cloudy throughout the day with rain.,rain,"44404099999,remote,42147099999",0
Bhubaneswar,03-10-2022,27.9,13.7,19.4,27.6,13.7,19.3,13.6,71.9,0.6,100,12.5,rain,0,0,8.3,6.5,52.9,1009.8,7.5,20,255.1,21.9,9,10,2022-10-03T06:03:48,2022-10-03T17:53:20,0.25,Rain,Clear conditions throughout the day with rain.,rain,"44404099999,remote,42147099999",0
Bhubaneswar,04-10-2022,26.8,14.3,19.3,27.1,14.3,19.3,14.6,75.8,5.3,100,29.17,rain,0,0,9.4,6.8,144.7,1011.9,25.5,19.2,249.5,21.5,9,30,2022-10-04T06:04:22,2022-10-04T17:52:08,0.3,"Rain, Partially cloudy",Partly cloudy throughout the day with rain.,rain,"44404099999,remote,42147099999",0
Bhubaneswar,05-10-2022,25.4,13.6,17.9,25.4,13.6,17.9,15.2,85.1,7.4,100,33.33,rain,0,0,7.2,8.6,153.2,1011.7,30.1,18.5,239.8,20.6,8,10,2022-10-05T06:04:57,2022-10-05T17:50:57,0.34,"Rain, Partially cloudy",Partly cloudy throughout the day with rain.,rain,"44404099999,remote,42147099999",0
Bhubaneswar,06-10-2022,23.8,15,17.5,23.8,15,17.5,15.5,89,3.9,100,37.5,rain,0,0,8.6,9.7,133.7,1012,74.6,15.8,187.1,16.1,8,10,2022-10-06T06:05:32,2022-10-06T17:49:46,0.37,"Rain, Partially cloudy",Partly cloudy throughout the day with a chance of rain throughout the day.,rain,"44404099999,remote,42147099999",0
Bhubaneswar,07-10-2022,18.2,12.1,15.1,18.2,12.1,15.1,14.7,97.3,16.1,100,50,rain,0,0,9.7,8.4,77.7,1014.6,100,14.9,38.4,3.4,2,10,2022-10-07T06:06:07,2022-10-07T17:48:36,0.41,"Rain, Overcast",Cloudy skies throughout the day with a chance of rain throughout the day.,rain,"44404099999,remote,42147099999",0
Bhubaneswar,08-10-2022,15,11.7,14,15,11.7,14,13.9,98.8,42.9,100,83.33,rain,0,0,6.5,10.9,54.9,1015.8,100,7.1,9.2,0.6,0,10,2022-10-08T06:06:42,2022-10-08T17:47:26,0.44,"Rain, Overcast",Cloudy skies throughout the day with a chance of rain throughout the day.,rain,"44404099999,remote,42147099999",0
Bhubaneswar,09-10-2022,14.7,10.5,13.7,14.7,10.5,13.7,13.5,99.1,69.9,100,83.33,rain,0,0,10.1,8.4,70.1,1016.3,100,4.8,10.6,1,1,10,2022-10-09T06:07:18,2022-10-09T17:46:17,0.48,"Rain, Overcast",Cloudy skies throughout the day with a chance of rain throughout the day.,rain,"44404099999,remote,42147099999",0
Bhubaneswar,10-10-2022,19.5,11.3,14.6,19.5,11.3,14.6,13.7,94.7,3.9,100,37.5,rain,0,0,6.5,9.4,101.2,1016.3,91.3,17.7,86.3,7.5,5,10,2022-10-10T06:07:54,2022-10-10T17:45:08,0.5,"Rain, Overcast",Cloudy skies throughout the day with rain clearing later.,rain,"44404099999,remote,42147099999",0
Bhubaneswar,11-10-2022,23.6,12.4,16.5,23.6,12.4,16.5,13.9,86.1,5.7,100,50,rain,0,0,5.4,7.6,132.1,1012.5,51,19.9,230.9,20.1,8,30,2022-10-11T06:08:31,2022-10-11T17:44:00,0.54,"Rain, Partially cloudy",Partly cloudy throughout the day with a chance of rain throughout the day.,rain,"44404099999,remote,42147099999",0
Bhubaneswar,12-10-2022,23.4,11.1,15.4,23.4,11.1,15.4,12.1,82.2,5.7,100,58.33,rain,0,0,5.4,6.5,8.6,1012.6,9.3,19.3,237.6,20.4,8,30,2022-10-12T06:09:07,2022-10-12T17:42:52,0.58,Rain,Clear conditions throughout the day with rain.,rain,"44404099999,remote,42147099999",0
Bhubaneswar,13-10-2022,22.9,10,15.1,22.9,10,15.1,11.1,78.6,0.1,100,4.17,rain,0,0,5.8,4.7,44.5,1014.8,10.2,19.8,238.8,20.6,8,10,2022-10-13T06:09:45,2022-10-13T17:41:45,0.61,Rain,Clear conditions throughout the day with early morning rain.,rain,"44404099999,remote,42147099999",0
Bhubaneswar,14-10-2022,23.2,10.1,15.5,23.2,10.1,15.5,9.7,70.3,0,0,0,,0,0,6.5,5,21.9,1014.6,5.4,20.9,239.7,20.7,8,10,2022-10-14T06:10:22,2022-10-14T17:40:39,0.64,Clear,Clear conditions throughout the day.,clear-day,"44404099999,remote,42147099999",0
Bhubaneswar,15-10-2022,23.3,10.6,15.8,23.3,10.6,15.8,10.9,74.5,0,0,0,,0,0,6.5,5,79.7,1013.7,6.2,20.1,237.5,20.4,8,10,2022-10-15T06:11:00,2022-10-15T17:39:34,0.67,Clear,Clear conditions throughout the day.,clear-day,"44404099999,remote,42147099999",0
Bhubaneswar,16-10-2022,23.5,10.9,16,23.5,10.9,16,11.6,76.6,0.1,100,4.17,rain,0,0,6.8,5.8,76,1015.8,7,20.1,233.6,20.1,8,30,2022-10-16T06:11:38,2022-10-16T17:38:29,0.71,Rain,Clear conditions throughout the day with afternoon rain.,rain,"44404099999,remote,42147099999",0
Bhubaneswar,17-10-2022,23.3,10.9,15.6,23.3,10.9,15.6,10.4,72.9,0,0,0,,0,0,6.5,5,48.4,1016,4.8,21.7,233.7,20.2,8,10,2022-10-17T06:12:17,2022-10-17T17:37:25,0.75,Clear,Clear conditions throughout the day.,clear-day,"44404099999,remote,42147099999",0
Bhubaneswar,18-10-2022,22,9.8,14.1,22,9.8,14.1,9.9,77.5,3.3,100,45.83,rain,0,0,8.3,9.5,55.9,1015.1,12.2,20,230.5,19.9,8,30,2022-10-18T06:12:56,2022-10-18T17:36:22,0.77,Rain,Clear conditions throughout the day with a chance of rain throughout the day.,rain,"44404099999,remote,42147099999",0
Bhubaneswar,19-10-2022,21.5,8.1,13.2,21.5,8.1,13.2,7.7,71.9,0.4,100,12.5,rain,0,0,9.4,7.9,332,1015.9,8.8,20.9,224.2,19.5,8,10,2022-10-19T06:13:36,2022-10-19T17:35:19,0.8,Rain,Clear conditions throughout the day with early morning rain.,rain,"44404099999,remote,42147099999",0
Bhubaneswar,20-10-2022,21.2,8.6,13.1,21.2,8.6,13.1,7.2,69.5,1.3,100,20.83,rain,0,0,13.3,7.2,340.6,1017.7,12.7,19.7,215.6,18.5,8,10,2022-10-20T06:14:15,2022-10-20T17:34:18,0.83,Rain,Clear conditions throughout the day with rain.,rain,"44404099999,remote,42147099999",0
Bhubaneswar,21-10-2022,21.7,7.9,13.4,21.7,7.9,13.4,7,67.6,0,0,0,,0,0,6.8,4.7,353.8,1019.2,4,20.9,226,19.4,8,10,2022-10-21T06:14:56,2022-10-21T17:33:17,0.87,Clear,Clear conditions throughout the day.,clear-day,"44404099999,remote,42147099999",0
Bhubaneswar,22-10-2022,21.9,8.5,13.7,21.9,8.5,13.7,4.4,55.3,0,0,0,,0,0,6.8,5.7,31.1,1020.1,4.2,20.2,228.8,19.9,8,10,2022-10-22T06:15:36,2022-10-22T17:32:17,0.9,Clear,Clear conditions throughout the day.,clear-day,"44404099999,remote,42147099999",0
Bhubaneswar,23-10-2022,22.4,7.8,13.7,22.4,7.8,13.7,4.2,54.7,0,0,0,,0,0,6.1,4.7,356.2,1019.2,0.8,20.2,228.2,19.8,8,10,2022-10-23T06:16:18,2022-10-23T17:31:19,0.93,Clear,Clear conditions throughout the day.,clear-day,"44404099999,remote,42147099999",0
Bhubaneswar,24-10-2022,22.6,8.2,14.1,22.6,8.2,14.1,5.3,57.6,0,0,0,,0,0,5.4,4.7,344,1014.5,0.8,20.2,225,19.4,8,10,2022-10-24T06:16:59,2022-10-24T17:30:21,0.96,Clear,Clear conditions throughout the day.,clear-day,"44404099999,remote,42147099999",0
Bhubaneswar,25-10-2022,23,8.6,14.4,23,8.6,14.4,5.4,57.8,0,0,0,,0,0,4.7,4.3,341.2,1011.5,0,20.2,223.4,19.3,8,10,2022-10-25T06:17:41,2022-10-25T17:29:24,0,Clear,Clear conditions throughout the day.,clear-day,"44404099999,remote,42147099999",0
Bhubaneswar,26-10-2022,22.4,8.4,14,22.4,8.4,14,5.9,60.8,0,0,0,,0,0,6.1,5.8,63.8,1015.8,2.1,20.2,221.5,19.1,8,10,2022-10-26T06:18:24,2022-10-26T17:28:28,0.03,Clear,Clear conditions throughout the day.,clear-day,"44404099999,remote,42147099999",0
Bhubaneswar,27-10-2022,21.9,8.4,13.9,21.9,8.4,13.9,6.8,65.4,0,0,0,,0,0,5.4,5.3,104.1,1015.6,0,20.2,217.6,18.9,8,10,2022-10-27T06:19:07,2022-10-27T17:27:33,0.06,Clear,Clear conditions throughout the day.,clear-day,"44404099999,remote,42147099999",0
Bhubaneswar,28-10-2022,21.5,8.4,13.9,21.5,8.4,13.9,8.1,70.8,0,0,0,,0,0,5.4,5.3,77.1,1016,1.3,20.4,215.3,18.5,8,10,2022-10-28T06:19:50,2022-10-28T17:26:40,0.1,Clear,Clear conditions throughout the day.,clear-day,"44404099999,remote,42147099999",0
Bhubaneswar,29-10-2022,21.5,8.7,14,21.5,8.7,14,8.3,70.6,0,0,0,,0,0,5.4,5,67.3,1016.5,3.9,20.1,212.3,18.5,8,10,2022-10-29T06:20:34,2022-10-29T17:25:47,0.14,Clear,Clear conditions throughout the day.,clear-day,"44404099999,remote,42147099999",0
Bhubaneswar,30-10-2022,22.3,9,14.2,22.3,9,14.2,8.3,69.4,0,0,0,,0,0,5,5.4,22.5,1016.9,1.1,20.1,211,18.2,8,10,2022-10-30T06:21:18,2022-10-30T17:24:56,0.17,Clear,Clear conditions throughout the day.,clear-day,"44404099999,remote,42147099999",0
Bhubaneswar,31-10-2022,22.4,9.4,14.5,22.4,9.4,14.5,9.3,73,0,0,0,,0,0,5.4,5.8,82.4,1016.8,3.1,20.1,209,18.1,8,10,2022-10-31T06:22:02,2022-10-31T17:24:06,0.21,Clear,Clear conditions throughout the day.,clear-day,"44404099999,remote,42147099999",0
Bhubaneswar,01-11-2022,22.6,10,14.7,22.6,10,14.7,9.4,73.1,4.7,100,29.17,rain,0,0,7.9,7.2,83.8,1017,3.1,18.6,204.5,17.7,7,30,2022-11-01T06:22:47,2022-11-01T17:23:17,0.25,Rain,Clear conditions throughout the day with rain.,rain,"44404099999,remote,42147099999",0
Bhubaneswar,02-11-2022,22.5,8.4,14.1,22.5,8.4,14.1,7.4,67.4,0.4,100,4.17,rain,0,0,4.7,4.7,339.2,1015.8,0.9,20.1,207,17.9,8,10,2022-11-02T06:23:33,2022-11-02T17:22:29,0.28,Rain,Clear conditions throughout the day with early morning rain.,rain,"44404099999,remote,42147099999",0
Bhubaneswar,03-11-2022,22.2,8.5,14.2,22.2,8.5,14.2,6.8,63.3,0,0,0,,0,0,5.8,4.7,69,1014.5,7.6,20.1,206.2,17.9,8,10,2022-11-03T06:24:18,2022-11-03T17:21:43,0.31,Clear,Clear conditions throughout the day.,clear-day,"44404099999,remote,42147099999",0
Bhubaneswar,04-11-2022,22.1,8.9,14.3,22.1,8.9,14.3,8.5,70.3,0,0,0,,0,0,5.8,5.1,109,1016.1,8.2,20.1,201,17.4,7,10,2022-11-04T06:25:04,2022-11-04T17:20:57,0.35,Clear,Clear conditions throughout the day.,clear-day,"44404099999,remote,42147099999",0
Bhubaneswar,05-11-2022,22,9.7,14.3,22,9.7,14.3,9.8,76.2,0.7,100,25,rain,0,0,4.3,5,42.1,1018.5,6.8,20.1,197.8,17,7,30,2022-11-05T06:25:51,2022-11-05T17:20:14,0.39,Rain,Clear conditions throughout the day with late afternoon rain.,rain,"44404099999,remote,42147099999",0
Bhubaneswar,06-11-2022,22,8.5,14.3,22,8.5,14.3,8.2,69.2,0.1,100,4.17,rain,0,0,5.8,6.4,12.9,1019,51.7,20.1,187.9,16,7,10,2022-11-06T06:26:38,2022-11-06T17:19:31,0.42,"Rain, Partially cloudy",Becoming cloudy in the afternoon with early morning rain.,rain,"44404099999,remote,42147099999",0
Bhubaneswar,07-11-2022,20.9,9.3,13.9,20.9,9.3,13.9,6.8,64.5,0,0,0,,0,0,5,4,335.7,1017.8,76.9,20.1,154.2,13.5,6,10,2022-11-07T06:27:25,2022-11-07T17:18:50,0.46,Partially cloudy,Partly cloudy throughout the day.,partly-cloudy-day,"44404099999,remote,42147099999",0
Bhubaneswar,08-11-2022,21.3,7.8,13.1,21.3,7.8,13.1,5.6,62.5,0,0,0,,0,0,5,4.3,354.2,1018.1,44.9,20.2,192.3,16.4,7,10,2022-11-08T06:28:13,2022-11-08T17:18:10,0.5,Partially cloudy,Partly cloudy throughout the day.,partly-cloudy-day,"44404099999,remote,42147099999",0
Bhubaneswar,09-11-2022,21.1,8.4,13.3,21.1,8.4,13.3,6.5,65.7,1.4,100,12.5,rain,0,0,6.8,4,330.3,1018,67.4,19.3,185,16.1,7,10,2022-11-09T06:29:00,2022-11-09T17:17:32,0.53,"Rain, Partially cloudy",Partly cloudy throughout the day with late afternoon rain.,rain,"44404099999,remote,42147099999",0
Bhubaneswar,10-11-2022,20,7.2,12.1,20,7.2,12.1,6.1,69.9,1.3,100,20.83,rain,0,0,7.9,4.7,341.1,1018.9,13,18.9,193.8,16.7,7,10,2022-11-10T06:29:48,2022-11-10T17:16:55,0.56,Rain,Clear conditions throughout the day with early morning rain.,rain,"44404099999,remote,42147099999",0
Bhubaneswar,11-11-2022,19.8,6.5,11.5,19.8,6.5,11.5,2.5,55.8,0,0,0,,0,0,5.4,5.1,8.1,1018.4,1.4,20.1,195.7,17,7,10,2022-11-11T06:30:37,2022-11-11T17:16:19,0.59,Clear,Clear conditions throughout the day.,clear-day,"44404099999,remote,42147099999",0
Bhubaneswar,12-11-2022,19.8,5.8,11.3,19.8,5.8,11.3,0.9,51.2,0,0,0,,0,0,7.2,4.3,20,1017.6,0.9,20.2,195.3,16.9,7,10,2022-11-12T06:31:26,2022-11-12T17:15:45,0.62,Clear,Clear conditions throughout the day.,clear-day,"44404099999,remote,42147099999",0
Bhubaneswar,13-11-2022,19.6,5.4,11.2,19.6,5.4,11.2,0.3,49.2,0,0,0,,0,0,5,4.7,17.2,1016.8,28.8,20.1,190.1,16.6,7,10,2022-11-13T06:32:14,2022-11-13T17:15:13,0.66,Partially cloudy,Clearing in the afternoon.,partly-cloudy-day,"44404099999,remote,42147099999",0
Bhubaneswar,14-11-2022,19.5,6.8,11.2,19.5,6.8,11.2,3.8,62,0,0,0,,0,0,11.5,9.4,347.1,1018.2,57.2,20,145.8,12.7,6,10,2022-11-14T06:33:03,2022-11-14T17:14:42,0.69,Partially cloudy,Partly cloudy throughout the day.,partly-cloudy-day,"44404099999,remote,42147099999",0
Bhubaneswar,15-11-2022,20.4,7.5,12.4,20.4,7.5,12.4,4.9,62.7,0,0,0,,0,0,10.4,4.7,312.3,1016.8,29.5,20.2,181.8,15.8,7,10,2022-11-15T06:33:53,2022-11-15T17:14:12,0.72,Partially cloudy,Partly cloudy throughout the day.,partly-cloudy-day,"44404099999,remote,42147099999",0
Bhubaneswar,16-11-2022,20,6.8,11.7,20,6.8,11.7,3.2,58.2,0,0,0,,0,0,6.5,6.4,308.1,1015.4,3.8,20.1,186.7,16.1,7,10,2022-11-16T06:34:42,2022-11-16T17:13:44,0.75,Clear,Clear conditions throughout the day.,clear-day,"44404099999,remote,42147099999",0
Bhubaneswar,17-11-2022,18.9,5.5,10.6,18.9,5.5,10.6,2.5,59.5,0,0,0,,0,0,5,5.4,80.9,1014.8,1.9,20.2,187.9,16.1,7,10,2022-11-17T06:35:32,2022-11-17T17:13:18,0.78,Clear,Clear conditions throughout the day.,clear-day,"44404099999,remote,42147099999",0
Bhubaneswar,18-11-2022,19.2,5.1,10.6,19.2,5.1,10.6,3.1,62.2,0,0,0,,0,0,5.4,6.2,69.9,1017.1,5,20.1,186,16,7,10,2022-11-18T06:36:21,2022-11-18T17:12:53,0.82,Clear,Clear conditions throughout the day.,clear-day,"44404099999,remote,42147099999",0
Bhubaneswar,19-11-2022,19.7,5.8,11.1,19.7,5.8,11.1,4.3,65.1,0,0,0,,0,0,4.7,4.7,13.7,1018,29.9,20,171.8,14.8,6,10,2022-11-19T06:37:11,2022-11-19T17:12:30,0.85,Partially cloudy,Partly cloudy throughout the day.,partly-cloudy-day,"44404099999,remote,42147099999",0
Bhubaneswar,20-11-2022,21.3,6.5,11.9,21.3,6.4,11.9,2.2,54.1,0,0,0,,0,0,4.7,5.4,346.6,1016.3,24.2,20.1,181.8,15.8,7,10,2022-11-20T06:38:01,2022-11-20T17:12:09,0.88,Partially cloudy,Partly cloudy throughout the day.,partly-cloudy-day,"44404099999,remote,42147099999",0
Bhubaneswar,21-11-2022,21.1,6.1,12.1,21.1,6.1,12.1,0.9,47.8,0,0,0,,0,0,4.3,4,353.6,1015.2,43.8,20,175.9,15.2,7,10,2022-11-21T06:38:51,2022-11-21T17:11:49,0.91,Partially cloudy,Becoming cloudy in the afternoon.,partly-cloudy-day,"44404099999,remote,42147099999",0
Bhubaneswar,22-11-2022,21.3,6.4,12.2,21.3,6.4,12.2,0.6,47.3,0,0,0,,0,0,4.7,5,13.7,1014.7,2,20.9,182.7,15.9,7,10,2022-11-22T06:39:40,2022-11-22T17:11:30,0.95,Clear,Clear conditions throughout the day.,clear-day,"44404099999,remote,42147099999",0
Bhubaneswar,23-11-2022,20.9,5.8,11.8,20.9,5.8,11.8,0.3,48,0,0,0,,0,0,5,5.4,21.3,1015,0,20.1,182.8,15.9,7,10,2022-11-23T06:40:30,2022-11-23T17:11:14,0.98,Clear,Clear conditions throughout the day.,clear-day,"44404099999,remote,42147099999",0
Bhubaneswar,24-11-2022,21.3,5.9,12,21.3,5.9,12,0.8,48.6,0,0,0,,0,0,5.4,5,24.6,1015.3,4.4,20.9,181.7,15.8,7,10,2022-11-24T06:41:20,2022-11-24T17:10:59,0,Clear,Clear conditions throughout the day.,clear-day,"44404099999,remote,42147099999",0
Bhubaneswar,25-11-2022,20.8,6,11.7,20.8,6,11.7,3.6,59.9,0,0,0,,0,0,4.3,5.7,39,1018,14.4,20.2,174.8,15,7,10,2022-11-25T06:42:09,2022-11-25T17:10:46,0.05,Clear,Clear conditions throughout the day.,clear-day,"44404099999,remote,42147099999",0
Bhubaneswar,26-11-2022,21.7,6.9,12.8,21.7,6.9,12.7,2.7,52.8,0,0,0,,0,0,5,7.2,37,1014.8,29.7,20.2,177.5,15.2,7,10,2022-11-26T06:42:58,2022-11-26T17:10:34,0.08,Partially cloudy,Partly cloudy throughout the day.,partly-cloudy-day,"44404099999,remote,42147099999",0
Bhubaneswar,27-11-2022,20.8,7.5,12.4,20.8,7.5,12.4,4,58.9,0,0,0,,0,0,5.4,4.7,99.1,1013.1,36.1,20.1,169.8,14.7,6,10,2022-11-27T06:43:47,2022-11-27T17:10:24,0.12,Partially cloudy,Partly cloudy throughout the day.,partly-cloudy-day,"44404099999,remote,42147099999",0
Bhubaneswar,28-11-2022,20.5,6.5,11.6,20.5,6.3,11.5,4.6,65,0,0,0,,0,0,5,5.4,97.6,1014.5,2.1,20,174.3,15,7,10,2022-11-28T06:44:36,2022-11-28T17:10:16,0.15,Clear,Clear conditions throughout the day.,clear-day,"44404099999,remote,42147099999",0
Bhubaneswar,29-11-2022,20.7,6.2,11.6,20.7,6.2,11.6,4.2,63.5,0,0,0,,0,0,5.4,5.1,73.5,1016.3,27.6,20.2,174.9,15.1,7,10,2022-11-29T06:45:25,2022-11-29T17:10:09,0.19,Partially cloudy,Partly cloudy throughout the day.,partly-cloudy-day,"44404099999,remote,42147099999",0
Bhubaneswar,30-11-2022,20.6,6.2,11.7,20.6,5.3,11.6,3.4,59.6,0,0,0,,0,0,5,5.4,21.6,1017.3,34,20.1,173.3,15,7,10,2022-11-30T06:46:13,2022-11-30T17:10:05,0.25,Partially cloudy,Clearing in the afternoon.,partly-cloudy-day,"44404099999,remote,42147099999",0
Bhubaneswar,01-12-2022,21.1,6,11.9,21.1,6,11.8,2.2,54.7,0,0,0,,0,0,5.8,5.4,60.9,1016,2.8,20.1,173.2,15,7,10,2022-12-01T06:47:01,2022-12-01T17:10:01,0.26,Clear,Clear conditions throughout the day.,clear-day,"44404099999,remote,42147099999",0
Bhubaneswar,02-12-2022,19.9,6.2,11.2,19.9,4.6,11.1,2.8,59,0,0,0,,0,0,4.7,7.6,82,1015.4,72.6,20,152.6,13.5,6,10,2022-12-02T06:47:48,2022-12-02T17:10:00,0.29,Partially cloudy,Partly cloudy throughout the day.,partly-cloudy-day,"44404099999,remote,42147099999",0
Bhubaneswar,03-12-2022,19.7,5.9,10.9,19.7,5.9,10.9,2.9,59.9,0,0,0,,0,0,4.3,4.7,61.5,1016.3,37.8,20.1,166.1,14.4,7,10,2022-12-03T06:48:35,2022-12-03T17:10:00,0.33,Partially cloudy,Clearing in the afternoon.,partly-cloudy-day,"44404099999,remote,42147099999",0
Bhubaneswar,04-12-2022,20.8,5.2,11.2,20.8,5.2,11.2,-0.2,48.1,0,0,0,,0,0,5.4,5,42.9,1016.7,0.1,20.1,173.4,15.1,7,10,2022-12-04T06:49:22,2022-12-04T17:10:02,0.36,Clear,Clear conditions throughout the day.,clear-day,"44404099999,remote,42147099999",0
Bhubaneswar,05-12-2022,19.5,4.4,10.2,19.5,4.4,10.2,-1.4,47,0,0,0,,0,0,5,5.1,353.3,1018,0.8,20.1,172.2,14.8,7,10,2022-12-05T06:50:08,2022-12-05T17:10:06,0.4,Clear,Clear conditions throughout the day.,clear-day,"44404099999,remote,42147099999",0
Bhubaneswar,06-12-2022,20.2,4,10.2,20.2,4,10.2,-4.1,38.5,0,0,0,,0,0,4.7,6.4,337.2,1016.4,1.2,20.2,172.9,15,7,10,2022-12-06T06:50:53,2022-12-06T17:10:11,0.43,Clear,Clear conditions throughout the day.,clear-day,"44404099999,remote,42147099999",0
Bhubaneswar,07-12-2022,20.6,3.8,10.3,20.6,3.8,10.3,-4.2,38.1,0,0,0,,0,0,5.4,5.4,10.8,1015.2,0,20.2,172.5,15,7,10,2022-12-07T06:51:38,2022-12-07T17:10:18,0.47,Clear,Clear conditions throughout the day.,clear-day,"44404099999,remote,42147099999",0
Bhubaneswar,08-12-2022,20.1,3.7,10.1,20.1,2.5,10,-2.8,42.6,0,0,0,,0,0,4.7,7.6,339,1016.8,0,20.2,169.3,14.6,7,10,2022-12-08T06:52:22,2022-12-08T17:10:27,0.5,Clear,Clear conditions throughout the day.,clear-day,"44404099999,remote,42147099999",0
Bhubaneswar,09-12-2022,20.9,4.7,11,20.9,4.7,10.9,-3.1,39.1,0,0,0,,0,0,5,5.4,328.8,1016.3,0.4,20.2,168.1,14.5,7,10,2022-12-09T06:53:05,2022-12-09T17:10:37,0.54,Clear,Clear conditions throughout the day.,clear-day,"44404099999,remote,42147099999",0
Bhubaneswar,10-12-2022,21.3,5.2,11.3,21.3,5.2,11.2,-4.4,34.5,0,0,0,,0,0,6.1,5.8,340.8,1016.9,18.9,20.2,160.5,14.2,7,10,2022-12-10T06:53:48,2022-12-10T17:10:49,0.57,Clear,Clear conditions throughout the day.,clear-day,"44404099999,remote,42147099999",0
Bhubaneswar,11-12-2022,21.9,5,11.6,21.9,5,11.5,-6.7,28.7,0,0,0,,0,0,5,5.4,333.9,1017.5,0,20.2,171,15,7,10,2022-12-11T06:54:29,2022-12-11T17:11:03,0.6,Clear,Clear conditions throughout the day.,clear-day,"44404099999,remote,42147099999",0
Bhubaneswar,12-12-2022,22.3,5.1,11.8,22.3,5.1,11.7,-6.7,27.7,0,0,0,,0,0,5,7.2,336,1016.2,22.7,20.2,163.8,14.2,7,10,2022-12-12T06:55:10,2022-12-12T17:11:18,0.63,Partially cloudy,Partly cloudy throughout the day.,partly-cloudy-day,"44404099999,remote,42147099999",0
Bhubaneswar,13-12-2022,22.4,5,11.8,22.4,5,11.8,-6.6,28.2,0,0,0,,0,0,5,5.4,338.8,1016.4,0,20.3,171.3,14.9,7,10,2022-12-13T06:55:50,2022-12-13T17:11:34,0.67,Clear,Clear conditions throughout the day.,clear-day,"44404099999,remote,42147099999",0
Bhubaneswar,14-12-2022,21.7,4.8,11.4,21.7,4.8,11.4,-7.5,27.6,0,0,0,,0,0,5.4,5.1,323.4,1015.5,0,20.2,171.5,14.9,7,10,2022-12-14T06:56:29,2022-12-14T17:11:53,0.7,Clear,Clear conditions throughout the day.,clear-day,"44404099999,remote,42147099999",0
Bhubaneswar,15-12-2022,20.8,3.9,10.5,20.8,3.9,10.5,-6.2,32.2,0,0,0,,0,0,5,4.3,332.9,1014.3,0,20.2,169.2,14.7,7,10,2022-12-15T06:57:07,2022-12-15T17:12:13,0.73,Clear,Clear conditions throughout the day.,clear-day,"44404099999,remote,42147099999",0
Bhubaneswar,16-12-2022,20.4,3.9,10.3,20.4,3.9,10.2,-4.4,38,0,0,0,,0,0,6.1,5.4,253.2,1013.8,0.3,20.2,167.8,14.7,7,10,2022-12-16T06:57:44,2022-12-16T17:12:34,0.75,Clear,Clear conditions throughout the day.,clear-day,"44404099999,remote,42147099999",0
Bhubaneswar,17-12-2022,20,4.1,10.1,20,4.1,10.1,-2.3,44.5,0,0,0,,0,0,6.1,5,89.4,1015.5,0,20.2,166.3,14.2,6,10,2022-12-17T06:58:21,2022-12-17T17:12:57,0.8,Clear,Clear conditions throughout the day.,clear-day,"44404099999,remote,42147099999",0
Bhubaneswar,18-12-2022,19.1,3.6,9.5,19.1,3.6,9.5,0.1,54.5,0,0,0,,0,0,5.8,5,69.1,1017,0,20.1,164.4,14.2,6,10,2022-12-18T06:58:55,2022-12-18T17:13:21,0.83,Clear,Clear conditions throughout the day.,clear-day,"44404099999,remote,42147099999",0
Bhubaneswar,19-12-2022,19,3.8,9.5,19,3.8,9.5,-0.5,52.1,0,0,0,,0,0,5,4.3,348.2,1015.5,7.5,20.1,164.3,14.2,6,10,2022-12-19T06:59:29,2022-12-19T17:13:47,0.86,Clear,Clear conditions throughout the day.,clear-day,"44404099999,remote,42147099999",0
Bhubaneswar,20-12-2022,20,4,9.9,20,4,9.9,-3.4,41.3,0,0,0,,0,0,4.3,4.3,301.9,1014.3,68.9,20.2,156.8,13.6,6,10,2022-12-20T07:00:02,2022-12-20T17:14:14,0.9,Partially cloudy,Partly cloudy throughout the day.,partly-cloudy-day,"44404099999,remote,42147099999",0
Bhubaneswar,21-12-2022,19.1,3.1,9,19.1,3.1,9,-4.4,40.9,0,0,0,,0,0,4.7,4.3,320.8,1015.8,9.4,20.2,167.3,14.4,7,10,2022-12-21T07:00:33,2022-12-21T17:14:42,0.93,Clear,Clear conditions throughout the day.,clear-day,"44404099999,remote,42147099999",0
Bhubaneswar,22-12-2022,18.3,2.2,8.1,18.3,2.2,8,-8.4,32.4,0,0,0,,0,0,5.4,7.2,341.1,1016,0,20,170.2,14.6,7,10,2022-12-22T07:01:04,2022-12-22T17:15:12,0.96,Clear,Clear conditions throughout the day.,clear-day,"44404099999,remote,42147099999",0
Bhubaneswar,23-12-2022,17.6,1.3,7.4,17.6,1.3,7.3,-8.4,34.8,0,0,0,,0,0,6.5,7.6,69.6,1016,0,20.2,169.8,14.6,7,10,2022-12-23T07:01:32,2022-12-23T17:15:43,0,Clear,Clear conditions throughout the day.,clear-day,"44404099999,remote,42147099999",0
Bhubaneswar,24-12-2022,16.8,1.7,7.2,16.8,1.7,7.1,-4.2,47.4,0,0,0,,0,0,9,9.7,40.8,1017.2,20.7,20,153.9,13.3,6,10,2022-12-24T07:02:00,2022-12-24T17:16:16,0.03,Partially cloudy,Partly cloudy throughout the day.,partly-cloudy-day,"44404099999,remote,42147099999",0
Bhubaneswar,25-12-2022,16.8,1.8,7.6,16.8,1.8,7.5,-5.1,43.6,0,0,0,,0,0,5.8,8.8,358.2,1017.4,44.3,20,156.7,13.5,6,10,2022-12-25T07:02:26,2022-12-25T17:16:50,0.06,Partially cloudy,Becoming cloudy in the afternoon.,partly-cloudy-day,"44404099999,remote,42147099999",0
Bhubaneswar,26-12-2022,17.7,2.9,8.2,17.7,2.9,8.2,-6.1,38.1,0,0,0,,0,0,6.5,6.4,30,1018.6,35.6,20,164.3,14.1,6,10,2022-12-26T07:02:51,2022-12-26T17:17:25,0.1,Partially cloudy,Partly cloudy throughout the day.,partly-cloudy-day,"44404099999,remote,42147099999",0
Bhubaneswar,27-12-2022,17.8,1.5,7.7,17.8,1.5,7.7,-8,34.1,0,0,0,,0,0,7.9,5.4,340.7,1017.8,12.2,20.2,165.2,14.3,7,10,2022-12-27T07:03:15,2022-12-27T17:18:01,0.13,Clear,Clear conditions throughout the day.,clear-day,"44404099999,remote,42147099999",0
Bhubaneswar,28-12-2022,19.1,1.8,8.2,19.1,1.8,8.2,-8.4,32.3,0,0,0,,0,0,6.5,5,302.5,1016.5,8.1,20.2,169.3,14.7,7,10,2022-12-28T07:03:37,2022-12-28T17:18:38,0.17,Clear,Clear conditions throughout the day.,clear-day,"44404099999,remote,42147099999",0
Bhubaneswar,29-12-2022,17.7,1.8,8.7,17.7,1.8,8.6,-6.5,36.3,0,0,0,,0,0,9.4,8.3,350,1019,46,20.2,123.8,10.7,5,10,2022-12-29T07:03:57,2022-12-29T17:19:16,0.2,Partially cloudy,Partly cloudy throughout the day.,partly-cloudy-day,"44404099999,remote,42147099999",0
Bhubaneswar,30-12-2022,18.4,4.5,9.2,18.4,4.5,8.9,2,63.4,0.2,100,8.33,rain,0,0,19.1,16.6,301.1,1019.6,29.4,20.1,155.2,13.4,6,10,2022-12-30T07:04:17,2022-12-30T17:19:56,0.25,"Rain, Partially cloudy",Partly cloudy throughout the day with late afternoon rain.,rain,"44404099999,remote,42147099999",0
Bhubaneswar,31-12-2022,16.8,3.2,8.1,16.8,3.2,8.1,0.9,63.8,0,0,0,,0,0,7.6,4.3,263.8,1019,12.6,20,164.4,14,6,10,2022-12-31T07:04:34,2022-12-31T17:20:36,0.27,Clear,Clear conditions throughout the day.,clear-day,"44404099999,remote,42147099999",0
